item_id;programme_id;parent_item_id;niveau;ordre;type;libelle;description;source_id
ITM_MAT_C4_01;PRG_MAT_C4_2026;;C4;1;DOMAINE;Nombres et calculs;;SRC_BO_2026_10_MENE2602912A
ITM_MAT_C4_02;PRG_MAT_C4_2026;;C4;2;DOMAINE;Espace et géométrie;;SRC_BO_2026_10_MENE2602912A
ITM_MAT_C4_03;PRG_MAT_C4_2026;;C4;3;DOMAINE;Organisation et gestion des données et probabilités;;SRC_BO_2026_10_MENE2602912A
ITM_MAT_C4_04;PRG_MAT_C4_2026;;C4;4;DOMAINE;Proportionnalité et fonctions;;SRC_BO_2026_10_MENE2602912A
ITM_MAT_C4_05;PRG_MAT_C4_2026;;C4;5;DOMAINE;Pensée informatique;;SRC_BO_2026_10_MENE2602912A
ITM_MAT_C4_01_01;PRG_MAT_C4_2026;ITM_MAT_C4_01;5E;1;THEME;Opérations;;SRC_BO_2026_10_MENE2602912A
ITM_MAT_C4_01_02;PRG_MAT_C4_2026;ITM_MAT_C4_01;5E;2;THEME;Nombres relatifs;;SRC_BO_2026_10_MENE2602912A
ITM_MAT_C4_01_03;PRG_MAT_C4_2026;ITM_MAT_C4_01;5E;3;THEME;Nombres rationnels;;SRC_BO_2026_10_MENE2602912A
ITM_MAT_C4_01_04;PRG_MAT_C4_2026;ITM_MAT_C4_01;5E;4;THEME;Puissances;;SRC_BO_2026_10_MENE2602912A
ITM_MAT_C4_01_05;PRG_MAT_C4_2026;ITM_MAT_C4_01;5E;5;THEME;Calcul littéral et algébrique;;SRC_BO_2026_10_MENE2602912A
ITM_MAT_C4_01_06;PRG_MAT_C4_2026;ITM_MAT_C4_01;4E;6;THEME;Opérations sur les nombres relatifs;;SRC_BO_2026_10_MENE2602912A
ITM_MAT_C4_01_07;PRG_MAT_C4_2026;ITM_MAT_C4_01;4E;7;THEME;Nombres rationnels;;SRC_BO_2026_10_MENE2602912A
ITM_MAT_C4_01_08;PRG_MAT_C4_2026;ITM_MAT_C4_01;4E;8;THEME;Puissances;;SRC_BO_2026_10_MENE2602912A
ITM_MAT_C4_01_09;PRG_MAT_C4_2026;ITM_MAT_C4_01;4E;9;THEME;Racine carrée;;SRC_BO_2026_10_MENE2602912A
ITM_MAT_C4_01_10;PRG_MAT_C4_2026;ITM_MAT_C4_01;4E;10;THEME;Calcul littéral et algébrique;;SRC_BO_2026_10_MENE2602912A
ITM_MAT_C4_01_11;PRG_MAT_C4_2026;ITM_MAT_C4_01;3E;11;THEME;Nombres rationnels;;SRC_BO_2026_10_MENE2602912A
ITM_MAT_C4_01_12;PRG_MAT_C4_2026;ITM_MAT_C4_01;3E;12;THEME;Puissances;;SRC_BO_2026_10_MENE2602912A
ITM_MAT_C4_01_13;PRG_MAT_C4_2026;ITM_MAT_C4_01;3E;13;THEME;Racine carrée;;SRC_BO_2026_10_MENE2602912A
ITM_MAT_C4_01_14;PRG_MAT_C4_2026;ITM_MAT_C4_01;3E;14;THEME;Multiples et diviseurs;;SRC_BO_2026_10_MENE2602912A
ITM_MAT_C4_01_15;PRG_MAT_C4_2026;ITM_MAT_C4_01;3E;15;THEME;Calcul littéral et algébrique;;SRC_BO_2026_10_MENE2602912A
ITM_MAT_C4_02_01;PRG_MAT_C4_2026;ITM_MAT_C4_02;5E;1;THEME;Repérage sur une droite et dans le plan;;SRC_BO_2026_10_MENE2602912A
ITM_MAT_C4_02_02;PRG_MAT_C4_2026;ITM_MAT_C4_02;5E;2;THEME;Représentation de l’espace;;SRC_BO_2026_10_MENE2602912A
ITM_MAT_C4_02_03;PRG_MAT_C4_2026;ITM_MAT_C4_02;5E;3;THEME;Transformations;;SRC_BO_2026_10_MENE2602912A
ITM_MAT_C4_02_04;PRG_MAT_C4_2026;ITM_MAT_C4_02;5E;4;THEME;Angles;;SRC_BO_2026_10_MENE2602912A
ITM_MAT_C4_02_05;PRG_MAT_C4_2026;ITM_MAT_C4_02;5E;5;THEME;Triangles;;SRC_BO_2026_10_MENE2602912A
ITM_MAT_C4_02_06;PRG_MAT_C4_2026;ITM_MAT_C4_02;5E;6;THEME;Parallélogrammes;;SRC_BO_2026_10_MENE2602912A
ITM_MAT_C4_02_07;PRG_MAT_C4_2026;ITM_MAT_C4_02;4E;7;THEME;Transformations;;SRC_BO_2026_10_MENE2602912A
ITM_MAT_C4_02_08;PRG_MAT_C4_2026;ITM_MAT_C4_02;4E;8;THEME;Repérage sur une droite et dans le plan;;SRC_BO_2026_10_MENE2602912A
ITM_MAT_C4_02_09;PRG_MAT_C4_2026;ITM_MAT_C4_02;4E;9;THEME;Représentation de l’espace;;SRC_BO_2026_10_MENE2602912A
ITM_MAT_C4_02_10;PRG_MAT_C4_2026;ITM_MAT_C4_02;4E;10;THEME;Parallélogrammes et translations;;SRC_BO_2026_10_MENE2602912A
ITM_MAT_C4_02_11;PRG_MAT_C4_2026;ITM_MAT_C4_02;4E;11;THEME;Triangles;;SRC_BO_2026_10_MENE2602912A
ITM_MAT_C4_02_12;PRG_MAT_C4_2026;ITM_MAT_C4_02;3E;12;THEME;Repérage sur une droite et dans le plan;;SRC_BO_2026_10_MENE2602912A
ITM_MAT_C4_02_13;PRG_MAT_C4_2026;ITM_MAT_C4_02;3E;13;THEME;Représentation de l’espace;;SRC_BO_2026_10_MENE2602912A
ITM_MAT_C4_02_14;PRG_MAT_C4_2026;ITM_MAT_C4_02;3E;14;THEME;Triangles;;SRC_BO_2026_10_MENE2602912A
ITM_MAT_C4_02_15;PRG_MAT_C4_2026;ITM_MAT_C4_02;3E;15;THEME;Translations et vecteurs;;SRC_BO_2026_10_MENE2602912A
ITM_MAT_C4_03_01;PRG_MAT_C4_2026;ITM_MAT_C4_03;5E;1;THEME;Statistiques;;SRC_BO_2026_10_MENE2602912A
ITM_MAT_C4_03_02;PRG_MAT_C4_2026;ITM_MAT_C4_03;5E;2;THEME;Probabilités;;SRC_BO_2026_10_MENE2602912A
ITM_MAT_C4_03_03;PRG_MAT_C4_2026;ITM_MAT_C4_03;4E;3;THEME;Statistiques;;SRC_BO_2026_10_MENE2602912A
ITM_MAT_C4_03_04;PRG_MAT_C4_2026;ITM_MAT_C4_03;4E;4;THEME;Probabilités;;SRC_BO_2026_10_MENE2602912A
ITM_MAT_C4_03_05;PRG_MAT_C4_2026;ITM_MAT_C4_03;3E;5;THEME;Statistiques;;SRC_BO_2026_10_MENE2602912A
ITM_MAT_C4_03_06;PRG_MAT_C4_2026;ITM_MAT_C4_03;3E;6;THEME;Probabilités;;SRC_BO_2026_10_MENE2602912A
ITM_MAT_C4_04_01;PRG_MAT_C4_2026;ITM_MAT_C4_04;5E;1;THEME;Proportionnalité;;SRC_BO_2026_10_MENE2602912A
ITM_MAT_C4_04_02;PRG_MAT_C4_2026;ITM_MAT_C4_04;5E;2;THEME;Fonctions;;SRC_BO_2026_10_MENE2602912A
ITM_MAT_C4_04_03;PRG_MAT_C4_2026;ITM_MAT_C4_04;4E;3;THEME;Proportionnalité;;SRC_BO_2026_10_MENE2602912A
ITM_MAT_C4_04_04;PRG_MAT_C4_2026;ITM_MAT_C4_04;4E;4;THEME;Fonctions;;SRC_BO_2026_10_MENE2602912A
ITM_MAT_C4_04_05;PRG_MAT_C4_2026;ITM_MAT_C4_04;3E;5;THEME;Proportionnalité;;SRC_BO_2026_10_MENE2602912A
ITM_MAT_C4_04_06;PRG_MAT_C4_2026;ITM_MAT_C4_04;3E;6;THEME;Fonctions;;SRC_BO_2026_10_MENE2602912A
ITM_MAT_C4_05_01;PRG_MAT_C4_2026;ITM_MAT_C4_05;5E;1;THEME;Algorithmique et programmation;;SRC_BO_2026_10_MENE2602912A
ITM_MAT_C4_05_02;PRG_MAT_C4_2026;ITM_MAT_C4_05;4E;2;THEME;Algorithmique et programmation;;SRC_BO_2026_10_MENE2602912A
ITM_MAT_C4_05_03;PRG_MAT_C4_2026;ITM_MAT_C4_05;3E;3;THEME;Algorithmique et programmation;;SRC_BO_2026_10_MENE2602912A
ITM_MAT_C3_01;PRG_MAT_C3_2025;;C3;1;DOMAINE;Nombres, calcul et résolution de problèmes;"Programme cycle 3 ; entrée en vigueur en sixième à partir de 2025-2026.";SRC_BO_2025_16_MATH_C3
ITM_MAT_C3_02;PRG_MAT_C3_2025;;C3;2;DOMAINE;Grandeurs et mesures;"Programme cycle 3 ; entrée en vigueur en sixième à partir de 2025-2026.";SRC_BO_2025_16_MATH_C3
ITM_MAT_C3_03;PRG_MAT_C3_2025;;C3;3;DOMAINE;Espace et géométrie;"Programme cycle 3 ; entrée en vigueur en sixième à partir de 2025-2026.";SRC_BO_2025_16_MATH_C3
ITM_MAT_C3_04;PRG_MAT_C3_2025;;C3;4;DOMAINE;Organisation et gestion de données et probabilités;"Programme cycle 3 ; entrée en vigueur en sixième à partir de 2025-2026.";SRC_BO_2025_16_MATH_C3
ITM_MAT_C3_05;PRG_MAT_C3_2025;;C3;5;DOMAINE;Proportionnalité;"Programme cycle 3 ; entrée en vigueur en sixième à partir de 2025-2026.";SRC_BO_2025_16_MATH_C3
ITM_MAT_C3_06;PRG_MAT_C3_2025;;C3;6;DOMAINE;Initiation à la pensée informatique;"Programme cycle 3 ; entrée en vigueur en sixième à partir de 2025-2026.";SRC_BO_2025_16_MATH_C3
ITM_MAT_2GT_2026_01;PRG_MAT_2GT_2026;;2GT;1;THEME;Vocabulaire ensembliste et logique;;SRC_BO_2026_10_MENE2602912A
ITM_MAT_2GT_2026_02;PRG_MAT_2GT_2026;;2GT;2;THEME;Algorithmique et programmation;;SRC_BO_2026_10_MENE2602912A
ITM_MAT_2GT_2026_03;PRG_MAT_2GT_2026;;2GT;3;THEME;Variables et instructions élémentaires;;SRC_BO_2026_10_MENE2602912A
ITM_MAT_2GT_2026_04;PRG_MAT_2GT_2026;;2GT;4;THEME;Notion de fonction;;SRC_BO_2026_10_MENE2602912A
ITM_MAT_2GT_2026_05;PRG_MAT_2GT_2026;;2GT;5;THEME;Automatismes;;SRC_BO_2026_10_MENE2602912A
ITM_MAT_2GT_2026_06;PRG_MAT_2GT_2026;;2GT;6;THEME;Nombres et calculs, algèbre;;SRC_BO_2026_10_MENE2602912A
ITM_MAT_2GT_2026_07;PRG_MAT_2GT_2026;;2GT;7;THEME;Arithmétique;;SRC_BO_2026_10_MENE2602912A
ITM_MAT_2GT_2026_08;PRG_MAT_2GT_2026;;2GT;8;THEME;Nombres réels;;SRC_BO_2026_10_MENE2602912A
ITM_MAT_2GT_2026_09;PRG_MAT_2GT_2026;;2GT;9;THEME;Algèbre;;SRC_BO_2026_10_MENE2602912A
ITM_MAT_2GT_2026_10;PRG_MAT_2GT_2026;;2GT;10;THEME;Géométrie;;SRC_BO_2026_10_MENE2602912A
ITM_MAT_2GT_2026_11;PRG_MAT_2GT_2026;;2GT;11;THEME;Vecteurs et problèmes de géométrie;;SRC_BO_2026_10_MENE2602912A
ITM_MAT_2GT_2026_12;PRG_MAT_2GT_2026;;2GT;12;THEME;Droites du plan;;SRC_BO_2026_10_MENE2602912A
ITM_MAT_2GT_2026_13;PRG_MAT_2GT_2026;;2GT;13;THEME;Fonctions;;SRC_BO_2026_10_MENE2602912A
ITM_MAT_2GT_2026_14;PRG_MAT_2GT_2026;;2GT;14;THEME;Représentation algébrique et graphique des fonctions;;SRC_BO_2026_10_MENE2602912A
ITM_MAT_2GT_2026_15;PRG_MAT_2GT_2026;;2GT;15;THEME;Variations et extrémums d’une fonction;;SRC_BO_2026_10_MENE2602912A
ITM_MAT_2GT_2026_16;PRG_MAT_2GT_2026;;2GT;16;THEME;Statistiques et probabilités;;SRC_BO_2026_10_MENE2602912A
ITM_MAT_2GT_2026_17;PRG_MAT_2GT_2026;;2GT;17;THEME;Information chiffrée et statistique descriptive;;SRC_BO_2026_10_MENE2602912A
ITM_MAT_2GT_2026_18;PRG_MAT_2GT_2026;;2GT;18;THEME;Croisement de deux variables qualitatives;;SRC_BO_2026_10_MENE2602912A
ITM_MAT_2GT_2026_19;PRG_MAT_2GT_2026;;2GT;19;THEME;Probabilités;;SRC_BO_2026_10_MENE2602912A
ITM_MATH_SCI_1G_2026_01;PRG_MATH_SCI_1G_2026;;1G;1;THEME;Automatismes;;SRC_BO_2026_10_MENE2602912A
ITM_MATH_SCI_1G_2026_02;PRG_MATH_SCI_1G_2026;;1G;2;THEME;Analyse de l’information chiffrée;;SRC_BO_2026_10_MENE2602912A
ITM_MATH_SCI_1G_2026_03;PRG_MATH_SCI_1G_2026;;1G;3;THEME;Phénomènes aléatoires;;SRC_BO_2026_10_MENE2602912A
ITM_MATH_SCI_1G_2026_04;PRG_MATH_SCI_1G_2026;;1G;4;THEME;Phénomènes d’évolution, modélisation par des fonctions;;SRC_BO_2026_10_MENE2602912A
ITM_MATH_SCI_1G_2026_05;PRG_MATH_SCI_1G_2026;;1G;5;THEME;Variation linéaire;;SRC_BO_2026_10_MENE2602912A
ITM_MATH_SCI_1G_2026_06;PRG_MATH_SCI_1G_2026;;1G;6;THEME;Modélisation quadratique;;SRC_BO_2026_10_MENE2602912A
ITM_MATH_SCI_1G_2026_07;PRG_MATH_SCI_1G_2026;;1G;7;THEME;Variation exponentielle;;SRC_BO_2026_10_MENE2602912A
ITM_MAT_SPEC_1G_2026_01;PRG_MAT_SPEC_1G_2026;;1G;1;THEME;Vocabulaire ensembliste et logique;;SRC_BO_2026_10_MENE2602912A
ITM_MAT_SPEC_1G_2026_02;PRG_MAT_SPEC_1G_2026;;1G;2;THEME;Algorithmique et programmation;;SRC_BO_2026_10_MENE2602912A
ITM_MAT_SPEC_1G_2026_03;PRG_MAT_SPEC_1G_2026;;1G;3;THEME;Notion de liste;;SRC_BO_2026_10_MENE2602912A
ITM_MAT_SPEC_1G_2026_04;PRG_MAT_SPEC_1G_2026;;1G;4;THEME;Automatismes;;SRC_BO_2026_10_MENE2602912A
ITM_MAT_SPEC_1G_2026_05;PRG_MAT_SPEC_1G_2026;;1G;5;THEME;Évolutions et variations;;SRC_BO_2026_10_MENE2602912A
ITM_MAT_SPEC_1G_2026_06;PRG_MAT_SPEC_1G_2026;;1G;6;THEME;Calcul numérique et algébrique;;SRC_BO_2026_10_MENE2602912A
ITM_MAT_SPEC_1G_2026_07;PRG_MAT_SPEC_1G_2026;;1G;7;THEME;Fonctions et représentations;;SRC_BO_2026_10_MENE2602912A
ITM_MAT_SPEC_1G_2026_08;PRG_MAT_SPEC_1G_2026;;1G;8;THEME;Statistiques;;SRC_BO_2026_10_MENE2602912A
ITM_MAT_SPEC_1G_2026_09;PRG_MAT_SPEC_1G_2026;;1G;9;THEME;Probabilités;;SRC_BO_2026_10_MENE2602912A
ITM_MAT_SPEC_1G_2026_10;PRG_MAT_SPEC_1G_2026;;1G;10;THEME;Algèbre;;SRC_BO_2026_10_MENE2602912A
ITM_MAT_SPEC_1G_2026_11;PRG_MAT_SPEC_1G_2026;;1G;11;THEME;Suites numériques, modèles discrets;;SRC_BO_2026_10_MENE2602912A
ITM_MAT_SPEC_1G_2026_12;PRG_MAT_SPEC_1G_2026;;1G;12;THEME;Équations, fonctions polynômes du second degré;;SRC_BO_2026_10_MENE2602912A
ITM_MAT_SPEC_1G_2026_13;PRG_MAT_SPEC_1G_2026;;1G;13;THEME;Analyse;;SRC_BO_2026_10_MENE2602912A
ITM_MAT_SPEC_1G_2026_14;PRG_MAT_SPEC_1G_2026;;1G;14;THEME;Dérivation;;SRC_BO_2026_10_MENE2602912A
ITM_MAT_SPEC_1G_2026_15;PRG_MAT_SPEC_1G_2026;;1G;15;THEME;Variations et courbes représentatives des fonctions;;SRC_BO_2026_10_MENE2602912A
ITM_MAT_SPEC_1G_2026_16;PRG_MAT_SPEC_1G_2026;;1G;16;THEME;Fonction exponentielle;;SRC_BO_2026_10_MENE2602912A
ITM_MAT_SPEC_1G_2026_17;PRG_MAT_SPEC_1G_2026;;1G;17;THEME;Trigonométrie;;SRC_BO_2026_10_MENE2602912A
ITM_MAT_SPEC_1G_2026_18;PRG_MAT_SPEC_1G_2026;;1G;18;THEME;Géométrie;;SRC_BO_2026_10_MENE2602912A
ITM_MAT_SPEC_1G_2026_19;PRG_MAT_SPEC_1G_2026;;1G;19;THEME;Calcul vectoriel et produit scalaire;;SRC_BO_2026_10_MENE2602912A
ITM_MAT_SPEC_1G_2026_20;PRG_MAT_SPEC_1G_2026;;1G;20;THEME;Géométrie repérée;;SRC_BO_2026_10_MENE2602912A
ITM_MAT_SPEC_1G_2026_21;PRG_MAT_SPEC_1G_2026;;1G;21;THEME;Probabilités et statistiques;;SRC_BO_2026_10_MENE2602912A
ITM_MAT_SPEC_1G_2026_22;PRG_MAT_SPEC_1G_2026;;1G;22;THEME;Probabilités conditionnelles et indépendance;;SRC_BO_2026_10_MENE2602912A
ITM_MAT_SPEC_1G_2026_23;PRG_MAT_SPEC_1G_2026;;1G;23;THEME;Variables aléatoires réelles;;SRC_BO_2026_10_MENE2602912A
ITM_MAT_SPEC_1G_2026_24;PRG_MAT_SPEC_1G_2026;;1G;24;THEME;Expérimentations;;SRC_BO_2026_10_MENE2602912A
ITM_MAT_1T_2026_01;PRG_MAT_1T_2026;;1T;1;THEME;Vocabulaire ensembliste et logique;;SRC_BO_2026_10_MENE2602912A
ITM_MAT_1T_2026_02;PRG_MAT_1T_2026;;1T;2;THEME;Algorithmique et programmation (sauf série STD2A);;SRC_BO_2026_10_MENE2602912A
ITM_MAT_1T_2026_03;PRG_MAT_1T_2026;;1T;3;THEME;Activités géométriques (uniquement pour la série STD2A);;SRC_BO_2026_10_MENE2602912A
ITM_MAT_1T_2026_04;PRG_MAT_1T_2026;;1T;4;THEME;Géométrie plane;;SRC_BO_2026_10_MENE2602912A
ITM_MAT_1T_2026_05;PRG_MAT_1T_2026;;1T;5;THEME;Géométrie dans l’espace;;SRC_BO_2026_10_MENE2602912A
ITM_MAT_1T_2026_06;PRG_MAT_1T_2026;;1T;6;THEME;Automatismes;;SRC_BO_2026_10_MENE2602912A
ITM_MAT_1T_2026_07;PRG_MAT_1T_2026;;1T;7;THEME;Analyse;;SRC_BO_2026_10_MENE2602912A
ITM_MAT_1T_2026_08;PRG_MAT_1T_2026;;1T;8;THEME;Suites numériques;;SRC_BO_2026_10_MENE2602912A
ITM_MAT_1T_2026_09;PRG_MAT_1T_2026;;1T;9;THEME;Fonctions de la variable réelle;;SRC_BO_2026_10_MENE2602912A
ITM_MAT_1T_2026_10;PRG_MAT_1T_2026;;1T;10;THEME;Dérivation;;SRC_BO_2026_10_MENE2602912A
ITM_MAT_1T_2026_11;PRG_MAT_1T_2026;;1T;11;THEME;Statistiques et probabilités;;SRC_BO_2026_10_MENE2602912A
ITM_MAT_1T_2026_12;PRG_MAT_1T_2026;;1T;12;THEME;Séries statistiques à deux variables quantitatives;;SRC_BO_2026_10_MENE2602912A
ITM_MAT_1T_2026_13;PRG_MAT_1T_2026;;1T;13;THEME;Probabilités conditionnelles : indépendance;;SRC_BO_2026_10_MENE2602912A
ITM_MAT_1T_2026_14;PRG_MAT_1T_2026;;1T;14;THEME;Modèle associé à une expérience aléatoire à plusieurs épreuves indépendantes;;SRC_BO_2026_10_MENE2602912A
ITM_MAT_1T_2026_15;PRG_MAT_1T_2026;;1T;15;THEME;Variables aléatoires;;SRC_BO_2026_10_MENE2602912A
ITM_MAT_TERM_G_2026_01;PRG_MAT_TERM_G_2026;;TG;1;THEME;Vocabulaire ensembliste et logique;;SRC_BO_2026_10_MENE2602912A
ITM_MAT_TERM_G_2026_02;PRG_MAT_TERM_G_2026;;TG;2;THEME;Algorithmique et programmation;;SRC_BO_2026_10_MENE2602912A
ITM_MAT_TERM_G_2026_03;PRG_MAT_TERM_G_2026;;TG;3;THEME;Histoire des mathématiques;;SRC_BO_2026_10_MENE2602912A
ITM_MAT_TERM_G_2026_04;PRG_MAT_TERM_G_2026;;TG;4;THEME;Algèbre et géométrie;;SRC_BO_2026_10_MENE2602912A
ITM_MAT_TERM_G_2026_05;PRG_MAT_TERM_G_2026;;TG;5;THEME;Objectifs;;SRC_BO_2026_10_MENE2602912A
ITM_MAT_TERM_G_2026_06;PRG_MAT_TERM_G_2026;;TG;6;THEME;Histoire des mathématiques;;SRC_BO_2026_10_MENE2602912A
ITM_MAT_TERM_G_2026_07;PRG_MAT_TERM_G_2026;;TG;7;THEME;Combinatoire et dénombrement;;SRC_BO_2026_10_MENE2602912A
ITM_MAT_TERM_G_2026_08;PRG_MAT_TERM_G_2026;;TG;8;THEME;Manipulation des vecteurs, des droites et des plans de l’espace;;SRC_BO_2026_10_MENE2602912A
ITM_MAT_TERM_G_2026_09;PRG_MAT_TERM_G_2026;;TG;9;THEME;Orthogonalité et distances dans l’espace;;SRC_BO_2026_10_MENE2602912A
ITM_MAT_TERM_G_2026_10;PRG_MAT_TERM_G_2026;;TG;10;THEME;Représentations paramétriques et équations cartésiennes;;SRC_BO_2026_10_MENE2602912A
ITM_MAT_TERM_G_2026_11;PRG_MAT_TERM_G_2026;;TG;11;THEME;Analyse;;SRC_BO_2026_10_MENE2602912A
ITM_MAT_TERM_G_2026_12;PRG_MAT_TERM_G_2026;;TG;12;THEME;Objectifs;;SRC_BO_2026_10_MENE2602912A
ITM_MAT_TERM_G_2026_13;PRG_MAT_TERM_G_2026;;TG;13;THEME;Histoire des mathématiques;;SRC_BO_2026_10_MENE2602912A
ITM_MAT_TERM_G_2026_14;PRG_MAT_TERM_G_2026;;TG;14;THEME;Suites;;SRC_BO_2026_10_MENE2602912A
ITM_MAT_TERM_G_2026_15;PRG_MAT_TERM_G_2026;;TG;15;THEME;Limites des fonctions;;SRC_BO_2026_10_MENE2602912A
ITM_MAT_TERM_G_2026_16;PRG_MAT_TERM_G_2026;;TG;16;THEME;Compléments sur la dérivation;;SRC_BO_2026_10_MENE2602912A
ITM_MAT_TERM_G_2026_17;PRG_MAT_TERM_G_2026;;TG;17;THEME;Continuité des fonctions d’une variable réelle;;SRC_BO_2026_10_MENE2602912A
ITM_MAT_TERM_G_2026_18;PRG_MAT_TERM_G_2026;;TG;18;THEME;Fonction logarithme;;SRC_BO_2026_10_MENE2602912A
ITM_MAT_TERM_G_2026_19;PRG_MAT_TERM_G_2026;;TG;19;THEME;Fonctions sinus et cosinus;;SRC_BO_2026_10_MENE2602912A
ITM_MAT_TERM_G_2026_20;PRG_MAT_TERM_G_2026;;TG;20;THEME;Primitives, équations différentielles;;SRC_BO_2026_10_MENE2602912A
ITM_MAT_TERM_G_2026_21;PRG_MAT_TERM_G_2026;;TG;21;THEME;Calcul intégral;;SRC_BO_2026_10_MENE2602912A
ITM_MAT_TERM_G_2026_22;PRG_MAT_TERM_G_2026;;TG;22;THEME;Probabilités;;SRC_BO_2026_10_MENE2602912A
ITM_MAT_TERM_G_2026_23;PRG_MAT_TERM_G_2026;;TG;23;THEME;Objectifs;;SRC_BO_2026_10_MENE2602912A
ITM_MAT_TERM_G_2026_24;PRG_MAT_TERM_G_2026;;TG;24;THEME;Histoire des mathématiques;;SRC_BO_2026_10_MENE2602912A
ITM_MAT_TERM_G_2026_25;PRG_MAT_TERM_G_2026;;TG;25;THEME;Succession d’épreuves indépendantes, schéma de Bernoulli;;SRC_BO_2026_10_MENE2602912A
ITM_MAT_TERM_G_2026_26;PRG_MAT_TERM_G_2026;;TG;26;THEME;Sommes de variables aléatoires;;SRC_BO_2026_10_MENE2602912A
ITM_MAT_TERM_G_2026_27;PRG_MAT_TERM_G_2026;;TG;27;THEME;Concentration, loi des grands nombres;;SRC_BO_2026_10_MENE2602912A
ITM_MAT_COMP_2026_01;PRG_MAT_COMP_2026;;TG;1;THEME;Vocabulaire ensembliste et logique;;SRC_BO_2026_10_MENE2602912A
ITM_MAT_COMP_2026_02;PRG_MAT_COMP_2026;;TG;2;THEME;Thèmes d’étude;;SRC_BO_2026_10_MENE2602912A
ITM_MAT_COMP_2026_03;PRG_MAT_COMP_2026;;TG;3;THEME;Modèles définis par une fonction d’une variable;;SRC_BO_2026_10_MENE2602912A
ITM_MAT_COMP_2026_04;PRG_MAT_COMP_2026;;TG;4;THEME;Modèles d’évolution;;SRC_BO_2026_10_MENE2602912A
ITM_MAT_COMP_2026_05;PRG_MAT_COMP_2026;;TG;5;THEME;Approche historique de la fonction logarithme;;SRC_BO_2026_10_MENE2602912A
ITM_MAT_COMP_2026_06;PRG_MAT_COMP_2026;;TG;6;THEME;Calculs d’aires;;SRC_BO_2026_10_MENE2602912A
ITM_MAT_COMP_2026_07;PRG_MAT_COMP_2026;;TG;7;THEME;Répartition des richesses, inégalités;;SRC_BO_2026_10_MENE2602912A
ITM_MAT_COMP_2026_08;PRG_MAT_COMP_2026;;TG;8;THEME;Inférence bayésienne;;SRC_BO_2026_10_MENE2602912A
ITM_MAT_COMP_2026_09;PRG_MAT_COMP_2026;;TG;9;THEME;Répétition d’expériences indépendantes, échantillonnage;;SRC_BO_2026_10_MENE2602912A
ITM_MAT_COMP_2026_10;PRG_MAT_COMP_2026;;TG;10;THEME;Temps d’attente;;SRC_BO_2026_10_MENE2602912A
ITM_MAT_COMP_2026_11;PRG_MAT_COMP_2026;;TG;11;THEME;Corrélation et causalité;;SRC_BO_2026_10_MENE2602912A
ITM_MAT_COMP_2026_12;PRG_MAT_COMP_2026;;TG;12;THEME;Contenus;;SRC_BO_2026_10_MENE2602912A
ITM_MAT_COMP_2026_13;PRG_MAT_COMP_2026;;TG;13;THEME;Analyse;;SRC_BO_2026_10_MENE2602912A
ITM_MAT_COMP_2026_14;PRG_MAT_COMP_2026;;TG;14;THEME;Objectifs;;SRC_BO_2026_10_MENE2602912A
ITM_MAT_COMP_2026_15;PRG_MAT_COMP_2026;;TG;15;THEME;Histoire des mathématiques;;SRC_BO_2026_10_MENE2602912A
ITM_MAT_COMP_2026_16;PRG_MAT_COMP_2026;;TG;16;THEME;Suites numériques, modèles discrets;;SRC_BO_2026_10_MENE2602912A
ITM_MAT_COMP_2026_17;PRG_MAT_COMP_2026;;TG;17;THEME;Fonctions : continuité, dérivabilité, limites, représentation graphique;;SRC_BO_2026_10_MENE2602912A
ITM_MAT_COMP_2026_18;PRG_MAT_COMP_2026;;TG;18;THEME;Primitives et équations différentielles;;SRC_BO_2026_10_MENE2602912A
ITM_MAT_COMP_2026_19;PRG_MAT_COMP_2026;;TG;19;THEME;Fonctions convexes;;SRC_BO_2026_10_MENE2602912A
ITM_MAT_COMP_2026_20;PRG_MAT_COMP_2026;;TG;20;THEME;Intégration;;SRC_BO_2026_10_MENE2602912A
ITM_MAT_COMP_2026_21;PRG_MAT_COMP_2026;;TG;21;THEME;Probabilités et statistique;;SRC_BO_2026_10_MENE2602912A
ITM_MAT_COMP_2026_22;PRG_MAT_COMP_2026;;TG;22;THEME;Histoire des mathématiques;;SRC_BO_2026_10_MENE2602912A
ITM_MAT_COMP_2026_23;PRG_MAT_COMP_2026;;TG;23;THEME;Lois discrètes;;SRC_BO_2026_10_MENE2602912A
ITM_MAT_COMP_2026_24;PRG_MAT_COMP_2026;;TG;24;THEME;Lois à densité;;SRC_BO_2026_10_MENE2602912A
ITM_MAT_COMP_2026_25;PRG_MAT_COMP_2026;;TG;25;THEME;Statistique à deux variables quantitatives;;SRC_BO_2026_10_MENE2602912A
ITM_MAT_COMP_2026_26;PRG_MAT_COMP_2026;;TG;26;THEME;Algorithmique et programmation;;SRC_BO_2026_10_MENE2602912A
ITM_MAT_TT_2026_01;PRG_MAT_TT_2026;;TT;1;THEME;Vocabulaire ensembliste et logique;;SRC_BO_2026_10_MENE2602912A
ITM_MAT_TT_2026_02;PRG_MAT_TT_2026;;TT;2;THEME;Algorithmique et programmation (sauf série STD2A);;SRC_BO_2026_10_MENE2602912A
ITM_MAT_TT_2026_03;PRG_MAT_TT_2026;;TT;3;THEME;Activités géométriques (uniquement pour la série STD2A);;SRC_BO_2026_10_MENE2602912A
ITM_MAT_TT_2026_04;PRG_MAT_TT_2026;;TT;4;THEME;Géométrie plane;;SRC_BO_2026_10_MENE2602912A
ITM_MAT_TT_2026_05;PRG_MAT_TT_2026;;TT;5;THEME;Géométrie dans l’espace;;SRC_BO_2026_10_MENE2602912A
ITM_MAT_TT_2026_06;PRG_MAT_TT_2026;;TT;6;THEME;Automatismes;;SRC_BO_2026_10_MENE2602912A
ITM_MAT_TT_2026_07;PRG_MAT_TT_2026;;TT;7;THEME;Analyse;;SRC_BO_2026_10_MENE2602912A
ITM_MAT_TT_2026_08;PRG_MAT_TT_2026;;TT;8;THEME;Suites numériques;;SRC_BO_2026_10_MENE2602912A
ITM_MAT_TT_2026_09;PRG_MAT_TT_2026;;TT;9;THEME;Fonctions exponentielles;;SRC_BO_2026_10_MENE2602912A
ITM_MAT_TT_2026_10;PRG_MAT_TT_2026;;TT;10;THEME;Fonction logarithme décimal;;SRC_BO_2026_10_MENE2602912A
ITM_MAT_TT_2026_11;PRG_MAT_TT_2026;;TT;11;THEME;Fonction inverse;;SRC_BO_2026_10_MENE2602912A
ITM_MAT_TT_2026_12;PRG_MAT_TT_2026;;TT;12;THEME;Statistique et probabilités;;SRC_BO_2026_10_MENE2602912A
ITM_MAT_TT_2026_13;PRG_MAT_TT_2026;;TT;13;THEME;Séries statistiques à deux variables quantitatives;;SRC_BO_2026_10_MENE2602912A
ITM_MAT_TT_2026_14;PRG_MAT_TT_2026;;TT;14;THEME;Probabilités conditionnelles;;SRC_BO_2026_10_MENE2602912A
ITM_MAT_TT_2026_15;PRG_MAT_TT_2026;;TT;15;THEME;Variables aléatoires discrètes finies;;SRC_BO_2026_10_MENE2602912A
ITM_MAT_TT_2026_16;PRG_MAT_TT_2026;;TT;16;THEME;Thèmes d’étude;;SRC_BO_2026_10_MENE2602912A
ITM_MAT_TT_2026_17;PRG_MAT_TT_2026;;TT;17;THEME;Liste indicative de thèmes;;SRC_BO_2026_10_MENE2602912A
ITM_MAT_TERM_G_2019_01;PRG_MAT_TERM_G_2019;;TG;1;DOMAINE;Algèbre et géométrie;Programme en vigueur en 2026-2027 avant l’entrée en application du nouveau programme de terminale à la rentrée 2027-2028.;SRC_BO_2019_08_MATH_OPTIONS
ITM_MAT_TERM_G_2019_02;PRG_MAT_TERM_G_2019;;TG;2;DOMAINE;Analyse;Programme en vigueur en 2026-2027 avant l’entrée en application du nouveau programme de terminale à la rentrée 2027-2028.;SRC_BO_2019_08_MATH_OPTIONS
ITM_MAT_TERM_G_2019_03;PRG_MAT_TERM_G_2019;;TG;3;DOMAINE;Probabilités;Programme en vigueur en 2026-2027 avant l’entrée en application du nouveau programme de terminale à la rentrée 2027-2028.;SRC_BO_2019_08_MATH_OPTIONS
ITM_MAT_TERM_G_2019_04;PRG_MAT_TERM_G_2019;;TG;4;DOMAINE;Algorithmique et programmation;Programme en vigueur en 2026-2027 avant l’entrée en application du nouveau programme de terminale à la rentrée 2027-2028.;SRC_BO_2019_08_MATH_OPTIONS
ITM_MAT_TERM_G_2019_05;PRG_MAT_TERM_G_2019;;TG;5;DOMAINE;Vocabulaire ensembliste et logique;Programme en vigueur en 2026-2027 avant l’entrée en application du nouveau programme de terminale à la rentrée 2027-2028.;SRC_BO_2019_08_MATH_OPTIONS
ITM_MAT_COMP_2019_01;PRG_MAT_COMP_2019;;TG;1;DOMAINE;Modèles définis par une fonction;Programme en vigueur en 2026-2027 avant l’entrée en application du nouveau programme de terminale à la rentrée 2027-2028.;SRC_BO_2019_08_MATH_OPTIONS
ITM_MAT_COMP_2019_02;PRG_MAT_COMP_2019;;TG;2;DOMAINE;Modèles d’évolution;Programme en vigueur en 2026-2027 avant l’entrée en application du nouveau programme de terminale à la rentrée 2027-2028.;SRC_BO_2019_08_MATH_OPTIONS
ITM_MAT_COMP_2019_03;PRG_MAT_COMP_2019;;TG;3;DOMAINE;Approche historique de la fonction logarithme;Programme en vigueur en 2026-2027 avant l’entrée en application du nouveau programme de terminale à la rentrée 2027-2028.;SRC_BO_2019_08_MATH_OPTIONS
ITM_MAT_COMP_2019_04;PRG_MAT_COMP_2019;;TG;4;DOMAINE;Calcul intégral;Programme en vigueur en 2026-2027 avant l’entrée en application du nouveau programme de terminale à la rentrée 2027-2028.;SRC_BO_2019_08_MATH_OPTIONS
ITM_MAT_COMP_2019_05;PRG_MAT_COMP_2019;;TG;5;DOMAINE;Probabilités et statistique;Programme en vigueur en 2026-2027 avant l’entrée en application du nouveau programme de terminale à la rentrée 2027-2028.;SRC_BO_2019_08_MATH_OPTIONS
ITM_MAT_COMP_2019_06;PRG_MAT_COMP_2019;;TG;6;DOMAINE;Algorithmique et programmation;Programme en vigueur en 2026-2027 avant l’entrée en application du nouveau programme de terminale à la rentrée 2027-2028.;SRC_BO_2019_08_MATH_OPTIONS
ITM_MAT_EXP_2019_01;PRG_MAT_EXP_2019;;TG;1;DOMAINE;Nombres complexes;Programme en vigueur en 2026-2027 avant l’entrée en application du nouveau programme de terminale à la rentrée 2027-2028.;SRC_BO_2019_08_MATH_OPTIONS
ITM_MAT_EXP_2019_02;PRG_MAT_EXP_2019;;TG;2;DOMAINE;Arithmétique;Programme en vigueur en 2026-2027 avant l’entrée en application du nouveau programme de terminale à la rentrée 2027-2028.;SRC_BO_2019_08_MATH_OPTIONS
ITM_MAT_EXP_2019_03;PRG_MAT_EXP_2019;;TG;3;DOMAINE;Graphes et matrices;Programme en vigueur en 2026-2027 avant l’entrée en application du nouveau programme de terminale à la rentrée 2027-2028.;SRC_BO_2019_08_MATH_OPTIONS
ITM_MAT_TT_2019_01;PRG_MAT_TT_2019;;TT;1;DOMAINE;Nombres et calculs;Programme en vigueur en 2026-2027 avant l’entrée en application du nouveau programme de terminale à la rentrée 2027-2028.;SRC_BO_2019_08_MATH_OPTIONS
ITM_MAT_TT_2019_02;PRG_MAT_TT_2019;;TT;2;DOMAINE;Fonctions;Programme en vigueur en 2026-2027 avant l’entrée en application du nouveau programme de terminale à la rentrée 2027-2028.;SRC_BO_2019_08_MATH_OPTIONS
ITM_MAT_TT_2019_03;PRG_MAT_TT_2019;;TT;3;DOMAINE;Statistiques et probabilités;Programme en vigueur en 2026-2027 avant l’entrée en application du nouveau programme de terminale à la rentrée 2027-2028.;SRC_BO_2019_08_MATH_OPTIONS
ITM_MAT_TT_2019_04;PRG_MAT_TT_2019;;TT;4;DOMAINE;Algorithmique et programmation;Programme en vigueur en 2026-2027 avant l’entrée en application du nouveau programme de terminale à la rentrée 2027-2028.;SRC_BO_2019_08_MATH_OPTIONS
ITM_MAT_C4_01_01_01;PRG_MAT_C4_2026;ITM_MAT_C4_01_01;5E;1;CAPACITE;Calculer et utiliser des produits et quotients;Effectuer des multiplications et divisions dans des situations numériques et de résolution de problèmes.;SRC_BO_2026_10_MENE2602912A
ITM_MAT_C4_01_01_02;PRG_MAT_C4_2026;ITM_MAT_C4_01_01;5E;2;CAPACITE;Priorités opératoires;Effectuer des calculs en respectant les priorités opératoires et contrôler la cohérence du résultat.;SRC_BO_2026_10_MENE2602912A
ITM_MAT_C4_01_01_03;PRG_MAT_C4_2026;ITM_MAT_C4_01_01;5E;3;CAPACITE;Calcul avec des fractions;Additionner, soustraire, multiplier et diviser des fractions dans les cas prévus par le programme.;SRC_BO_2026_10_MENE2602912A
ITM_MAT_C4_01_02_01;PRG_MAT_C4_2026;ITM_MAT_C4_01_02;5E;1;CAPACITE;Repérer des nombres relatifs;Placer, lire et comparer des nombres relatifs sur une droite graduée.;SRC_BO_2026_10_MENE2602912A
ITM_MAT_C4_01_02_02;PRG_MAT_C4_2026;ITM_MAT_C4_01_02;5E;2;CAPACITE;Additionner et soustraire des relatifs;Calculer des sommes et différences de nombres relatifs et interpréter les résultats.;SRC_BO_2026_10_MENE2602912A
ITM_MAT_C4_01_02_03;PRG_MAT_C4_2026;ITM_MAT_C4_01_02;5E;3;CAPACITE;Multiplier et diviser des relatifs;Utiliser les règles de signes pour multiplier et diviser des nombres relatifs.;SRC_BO_2026_10_MENE2602912A
ITM_MAT_C4_01_03_01;PRG_MAT_C4_2026;ITM_MAT_C4_01_03;5E;1;CAPACITE;Fractions et nombres rationnels;"Reconnaître une fraction comme nombre, écriture et opérateur ; distinguer fraction et nombre rationnel.";SRC_BO_2026_10_MENE2602912A
ITM_MAT_C4_01_03_02;PRG_MAT_C4_2026;ITM_MAT_C4_01_03;5E;2;CAPACITE;Fractions de quantité;Calculer une fraction d’une quantité et résoudre des problèmes mobilisant les fractions.;SRC_BO_2026_10_MENE2602912A
ITM_MAT_C4_01_04_01;PRG_MAT_C4_2026;ITM_MAT_C4_01_04;5E;1;CAPACITE;Puissances entières;Utiliser les puissances comme produit itéré et effectuer des calculs simples avec elles.;SRC_BO_2026_10_MENE2602912A
ITM_MAT_C4_01_04_02;PRG_MAT_C4_2026;ITM_MAT_C4_01_04;5E;2;CAPACITE;Puissances de dix;Utiliser les puissances de dix, les ordres de grandeur et les conversions associées.;SRC_BO_2026_10_MENE2602912A
ITM_MAT_C4_01_05_01;PRG_MAT_C4_2026;ITM_MAT_C4_01_05;5E;1;CAPACITE;Produire une expression littérale;Traduire une situation par une expression littérale et interpréter une lettre comme variable.;SRC_BO_2026_10_MENE2602912A
ITM_MAT_C4_01_05_02;PRG_MAT_C4_2026;ITM_MAT_C4_01_05;5E;2;CAPACITE;Réduire une expression;Réduire et organiser une expression littérale simple.;SRC_BO_2026_10_MENE2602912A
ITM_MAT_C4_01_05_03;PRG_MAT_C4_2026;ITM_MAT_C4_01_05;5E;3;CAPACITE;Distributivité;Utiliser la distributivité simple pour développer ou factoriser dans les cas élémentaires.;SRC_BO_2026_10_MENE2602912A
ITM_MAT_C4_02_01_01;PRG_MAT_C4_2026;ITM_MAT_C4_02_01;5E;1;CAPACITE;Coordonnées dans le plan;"Lire et placer des points dans un repère ; interpréter les coordonnées.";SRC_BO_2026_10_MENE2602912A
ITM_MAT_C4_02_01_02;PRG_MAT_C4_2026;ITM_MAT_C4_02_01;5E;2;CAPACITE;Repérage sur une droite graduée;Repérer et placer des nombres relatifs sur une droite graduée.;SRC_BO_2026_10_MENE2602912A
ITM_MAT_C4_02_02_01;PRG_MAT_C4_2026;ITM_MAT_C4_02_02;5E;1;CAPACITE;Solides et représentations;Reconnaître, représenter et décrire des solides usuels.;SRC_BO_2026_10_MENE2602912A
ITM_MAT_C4_02_02_02;PRG_MAT_C4_2026;ITM_MAT_C4_02_02;5E;2;CAPACITE;Patrons et perspectives;Utiliser des patrons et des représentations planes pour raisonner sur des solides.;SRC_BO_2026_10_MENE2602912A
ITM_MAT_C4_02_03_01;PRG_MAT_C4_2026;ITM_MAT_C4_02_03;5E;1;CAPACITE;Symétries;Construire et utiliser des symétries pour transformer des figures.;SRC_BO_2026_10_MENE2602912A
ITM_MAT_C4_02_03_02;PRG_MAT_C4_2026;ITM_MAT_C4_02_03;5E;2;CAPACITE;Translations et rotations;Identifier et construire des images par translation ou rotation lorsque le programme le prévoit.;SRC_BO_2026_10_MENE2602912A
ITM_MAT_C4_02_04_01;PRG_MAT_C4_2026;ITM_MAT_C4_02_04;5E;1;CAPACITE;Relations entre angles;Utiliser les relations entre angles dans des configurations géométriques usuelles.;SRC_BO_2026_10_MENE2602912A
ITM_MAT_C4_02_05_01;PRG_MAT_C4_2026;ITM_MAT_C4_02_05;5E;1;CAPACITE;Construire et caractériser des triangles;Construire des triangles et utiliser leurs propriétés usuelles.;SRC_BO_2026_10_MENE2602912A
ITM_MAT_C4_02_05_02;PRG_MAT_C4_2026;ITM_MAT_C4_02_05;5E;2;CAPACITE;Somme des angles;Utiliser la somme des angles d’un triangle pour résoudre des problèmes.;SRC_BO_2026_10_MENE2602912A
ITM_MAT_C4_02_06_01;PRG_MAT_C4_2026;ITM_MAT_C4_02_06;5E;1;CAPACITE;Reconnaître un parallélogramme;Utiliser les propriétés permettant de reconnaître ou caractériser un parallélogramme.;SRC_BO_2026_10_MENE2602912A
ITM_MAT_C4_03_01_01;PRG_MAT_C4_2026;ITM_MAT_C4_03_01;5E;1;CAPACITE;Lire des représentations statistiques;Lire, produire et interpréter des tableaux et représentations graphiques adaptés aux données.;SRC_BO_2026_10_MENE2602912A
ITM_MAT_C4_03_01_02;PRG_MAT_C4_2026;ITM_MAT_C4_03_01;5E;2;CAPACITE;Indicateurs statistiques;Calculer et interpréter des indicateurs statistiques simples.;SRC_BO_2026_10_MENE2602912A
ITM_MAT_C4_03_02_01;PRG_MAT_C4_2026;ITM_MAT_C4_03_02;5E;1;CAPACITE;Probabilité d’un événement;Estimer ou calculer une probabilité dans des situations simples et interpréter le résultat.;SRC_BO_2026_10_MENE2602912A
ITM_MAT_C4_03_02_02;PRG_MAT_C4_2026;ITM_MAT_C4_03_02;5E;2;CAPACITE;Expériences aléatoires;Décrire une expérience aléatoire et identifier les issues et événements pertinents.;SRC_BO_2026_10_MENE2602912A
ITM_MAT_C4_04_01_01;PRG_MAT_C4_2026;ITM_MAT_C4_04_01;5E;1;CAPACITE;Reconnaître une situation de proportionnalité;Identifier et représenter une situation de proportionnalité.;SRC_BO_2026_10_MENE2602912A
ITM_MAT_C4_04_01_02;PRG_MAT_C4_2026;ITM_MAT_C4_04_01;5E;2;CAPACITE;Résoudre un problème de proportionnalité;Utiliser coefficient de proportionnalité, produit en croix ou représentation adaptée.;SRC_BO_2026_10_MENE2602912A
ITM_MAT_C4_04_02_01;PRG_MAT_C4_2026;ITM_MAT_C4_04_02;5E;1;CAPACITE;Notion de fonction;Décrire une dépendance entre deux grandeurs à l’aide d’un tableau, d’une formule ou d’un graphique.;SRC_BO_2026_10_MENE2602912A
ITM_MAT_C4_04_02_02;PRG_MAT_C4_2026;ITM_MAT_C4_04_02;5E;2;CAPACITE;Images et antécédents;Déterminer l’image ou un antécédent d’un nombre dans une représentation adaptée.;SRC_BO_2026_10_MENE2602912A
ITM_MAT_C4_05_01_01;PRG_MAT_C4_2026;ITM_MAT_C4_05_01;5E;1;CAPACITE;Variables et affectation;Lire et écrire un algorithme simple comportant des variables et des affectations.;SRC_BO_2026_10_MENE2602912A
ITM_MAT_C4_05_01_02;PRG_MAT_C4_2026;ITM_MAT_C4_05_01;5E;2;CAPACITE;Conditions et boucles;Lire, modifier et compléter des programmes utilisant des instructions conditionnelles ou répétitives.;SRC_BO_2026_10_MENE2602912A
ITM_MAT_2GT_2026_01_01;PRG_MAT_2GT_2026;ITM_MAT_2GT_2026_01;2GT;1;CAPACITE;Ensembles et intervalles;Utiliser appartenance, inclusion, réunion, intersection, complémentaire et notation des intervalles.;SRC_BO_2026_14_MATH_LYCEE
ITM_MAT_2GT_2026_01_02;PRG_MAT_2GT_2026;ITM_MAT_2GT_2026_01;2GT;2;CAPACITE;Propositions et connecteurs;Lire et écrire des propositions avec « et » et « ou » et en formuler la négation.;SRC_BO_2026_14_MATH_LYCEE
ITM_MAT_2GT_2026_01_03;PRG_MAT_2GT_2026;ITM_MAT_2GT_2026_01;2GT;3;CAPACITE;Implication et équivalence;Formuler une implication ou une équivalence et utiliser réciproque et contraposée.;SRC_BO_2026_14_MATH_LYCEE
ITM_MAT_2GT_2026_01_04;PRG_MAT_2GT_2026;ITM_MAT_2GT_2026_01;2GT;4;CAPACITE;Raisonnement par contre-exemple;Produire un contre-exemple pour réfuter une proposition.;SRC_BO_2026_14_MATH_LYCEE
ITM_MAT_2GT_2026_01_05;PRG_MAT_2GT_2026;ITM_MAT_2GT_2026_01;2GT;5;CAPACITE;Raisonnement par disjonction et absurde;Mettre en œuvre un raisonnement par disjonction des cas ou par l’absurde.;SRC_BO_2026_14_MATH_LYCEE
ITM_MAT_2GT_2026_03_01;PRG_MAT_2GT_2026;ITM_MAT_2GT_2026_03;2GT;1;CAPACITE;Types de variables;Choisir ou déterminer le type d’une variable entière, flottante, booléenne ou chaîne.;SRC_BO_2026_14_MATH_LYCEE
ITM_MAT_2GT_2026_03_02;PRG_MAT_2GT_2026;ITM_MAT_2GT_2026_03;2GT;2;CAPACITE;Affectation et séquences;Écrire une affectation et une séquence d’instructions.;SRC_BO_2026_14_MATH_LYCEE
ITM_MAT_2GT_2026_03_03;PRG_MAT_2GT_2026;ITM_MAT_2GT_2026_03;2GT;3;CAPACITE;Conditions;Écrire et interpréter une instruction conditionnelle.;SRC_BO_2026_14_MATH_LYCEE
ITM_MAT_2GT_2026_03_04;PRG_MAT_2GT_2026;ITM_MAT_2GT_2026_03;2GT;4;CAPACITE;Boucles;Programmer une boucle bornée ou non bornée dans un cas simple.;SRC_BO_2026_14_MATH_LYCEE
ITM_MAT_2GT_2026_03_05;PRG_MAT_2GT_2026;ITM_MAT_2GT_2026_03;2GT;5;CAPACITE;Lire et modifier un programme;Lire, comprendre, modifier ou compléter un algorithme ou programme.;SRC_BO_2026_14_MATH_LYCEE
ITM_MAT_2GT_2026_04_01;PRG_MAT_2GT_2026;ITM_MAT_2GT_2026_04;2GT;1;CAPACITE;Écrire une fonction informatique;Écrire une fonction simple et l’appeler.;SRC_BO_2026_14_MATH_LYCEE
ITM_MAT_2GT_2026_04_02;PRG_MAT_2GT_2026;ITM_MAT_2GT_2026_04;2GT;2;CAPACITE;Fonction et plusieurs arguments;Utiliser une fonction possédant un ou plusieurs arguments.;SRC_BO_2026_14_MATH_LYCEE
ITM_MAT_2GT_2026_04_03;PRG_MAT_2GT_2026;ITM_MAT_2GT_2026_04;2GT;3;CAPACITE;Fonction aléatoire;Écrire une fonction simulant une expérience aléatoire simple.;SRC_BO_2026_14_MATH_LYCEE
ITM_MAT_2GT_2026_07_01;PRG_MAT_2GT_2026;ITM_MAT_2GT_2026_07;2GT;1;CAPACITE;Multiples et diviseurs;Modéliser et résoudre des problèmes mobilisant multiples, diviseurs, nombres pairs et impairs.;SRC_BO_2026_14_MATH_LYCEE
ITM_MAT_2GT_2026_07_02;PRG_MAT_2GT_2026;ITM_MAT_2GT_2026_07;2GT;2;CAPACITE;Fraction irréductible;Présenter une fraction sous forme irréductible.;SRC_BO_2026_14_MATH_LYCEE
ITM_MAT_2GT_2026_08_01;PRG_MAT_2GT_2026;ITM_MAT_2GT_2026_08;2GT;1;CAPACITE;Nombres réels et droite graduée;Interpréter les nombres réels comme abscisses de points d’une droite graduée.;SRC_BO_2026_14_MATH_LYCEE
ITM_MAT_2GT_2026_08_02;PRG_MAT_2GT_2026;ITM_MAT_2GT_2026_08;2GT;2;CAPACITE;Irrationnels et encadrement;Reconnaître des nombres irrationnels et les encadrer par des nombres décimaux ou rationnels.;SRC_BO_2026_14_MATH_LYCEE
ITM_MAT_2GT_2026_08_03;PRG_MAT_2GT_2026;ITM_MAT_2GT_2026_08;2GT;3;CAPACITE;Calcul approché;Comparer un calcul exact à une valeur approchée fournie par une calculatrice ou un logiciel.;SRC_BO_2026_14_MATH_LYCEE
ITM_MAT_2GT_2026_09_01;PRG_MAT_2GT_2026;ITM_MAT_2GT_2026_09;2GT;1;CAPACITE;Calcul littéral;Développer, factoriser et réduire des expressions algébriques simples.;SRC_BO_2026_14_MATH_LYCEE
ITM_MAT_2GT_2026_09_02;PRG_MAT_2GT_2026;ITM_MAT_2GT_2026_09;2GT;2;CAPACITE;Équations du premier degré;Résoudre des équations se ramenant au premier degré.;SRC_BO_2026_14_MATH_LYCEE
ITM_MAT_2GT_2026_09_03;PRG_MAT_2GT_2026;ITM_MAT_2GT_2026_09;2GT;3;CAPACITE;Inéquations du premier degré;Résoudre des inéquations du premier degré et représenter leurs solutions.;SRC_BO_2026_14_MATH_LYCEE
ITM_MAT_2GT_2026_09_04;PRG_MAT_2GT_2026;ITM_MAT_2GT_2026_09;2GT;4;CAPACITE;Isoler une variable;Transformer une formule pour isoler une variable.;SRC_BO_2026_14_MATH_LYCEE
ITM_MAT_2GT_2026_11_01;PRG_MAT_2GT_2026;ITM_MAT_2GT_2026_11;2GT;1;CAPACITE;Calcul vectoriel;Utiliser les vecteurs pour résoudre des problèmes de géométrie plane.;SRC_BO_2026_14_MATH_LYCEE
ITM_MAT_2GT_2026_11_02;PRG_MAT_2GT_2026;ITM_MAT_2GT_2026_11;2GT;2;CAPACITE;Coordonnées et vecteurs;Calculer les coordonnées d’un vecteur et exploiter les relations vectorielles.;SRC_BO_2026_14_MATH_LYCEE
ITM_MAT_2GT_2026_12_01;PRG_MAT_2GT_2026;ITM_MAT_2GT_2026_12;2GT;1;CAPACITE;Équation de droite;Déterminer et exploiter une équation de droite dans un repère.;SRC_BO_2026_14_MATH_LYCEE
ITM_MAT_2GT_2026_12_02;PRG_MAT_2GT_2026;ITM_MAT_2GT_2026_12;2GT;2;CAPACITE;Parallélisme et coefficient directeur;Utiliser le coefficient directeur pour étudier le parallélisme et les variations linéaires.;SRC_BO_2026_14_MATH_LYCEE
ITM_MAT_2GT_2026_14_01;PRG_MAT_2GT_2026;ITM_MAT_2GT_2026_14;2GT;1;CAPACITE;Images et antécédents;Déterminer graphiquement ou algébriquement images et antécédents.;SRC_BO_2026_14_MATH_LYCEE
ITM_MAT_2GT_2026_14_02;PRG_MAT_2GT_2026;ITM_MAT_2GT_2026_14;2GT;2;CAPACITE;Équation d’une courbe;Exploiter une équation de courbe pour tester l’appartenance d’un point et calculer des coordonnées.;SRC_BO_2026_14_MATH_LYCEE
ITM_MAT_2GT_2026_14_03;PRG_MAT_2GT_2026;ITM_MAT_2GT_2026_14;2GT;3;CAPACITE;Fonctions affine et linéaire;Reconnaître une fonction affine ou linéaire et sa représentation graphique.;SRC_BO_2026_14_MATH_LYCEE
ITM_MAT_2GT_2026_15_01;PRG_MAT_2GT_2026;ITM_MAT_2GT_2026_15;2GT;1;CAPACITE;Variations;Décrire les variations d’une fonction à partir d’un graphique ou d’une expression adaptée.;SRC_BO_2026_14_MATH_LYCEE
ITM_MAT_2GT_2026_15_02;PRG_MAT_2GT_2026;ITM_MAT_2GT_2026_15;2GT;2;CAPACITE;Extremum;Déterminer et interpréter un maximum ou un minimum dans un contexte donné.;SRC_BO_2026_14_MATH_LYCEE
ITM_MAT_2GT_2026_17_01;PRG_MAT_2GT_2026;ITM_MAT_2GT_2026_17;2GT;1;CAPACITE;Proportions et pourcentages;Calculer et exprimer une proportion sous forme décimale, fractionnaire ou en pourcentage.;SRC_BO_2026_14_MATH_LYCEE
ITM_MAT_2GT_2026_17_02;PRG_MAT_2GT_2026;ITM_MAT_2GT_2026_17;2GT;2;CAPACITE;Évolutions;Passer d’un taux d’évolution à un coefficient multiplicateur et réciproquement.;SRC_BO_2026_14_MATH_LYCEE
ITM_MAT_2GT_2026_17_03;PRG_MAT_2GT_2026;ITM_MAT_2GT_2026_17;2GT;3;CAPACITE;Indicateurs;Calculer et interpréter moyenne, médiane et quartiles selon la présentation des données.;SRC_BO_2026_14_MATH_LYCEE
ITM_MAT_2GT_2026_18_01;PRG_MAT_2GT_2026;ITM_MAT_2GT_2026_18;2GT;1;CAPACITE;Tableau croisé;Construire et interpréter un tableau d’effectifs croisant deux variables qualitatives.;SRC_BO_2026_14_MATH_LYCEE
ITM_MAT_2GT_2026_18_02;PRG_MAT_2GT_2026;ITM_MAT_2GT_2026_18;2GT;2;CAPACITE;Fréquences conditionnelles;Calculer et interpréter des fréquences conditionnelles dans un tableau croisé.;SRC_BO_2026_14_MATH_LYCEE
ITM_MAT_2GT_2026_19_01;PRG_MAT_2GT_2026;ITM_MAT_2GT_2026_19;2GT;1;CAPACITE;Probabilité élémentaire;Utiliser qu’une probabilité est comprise entre 0 et 1.;SRC_BO_2026_14_MATH_LYCEE
ITM_MAT_2GT_2026_19_02;PRG_MAT_2GT_2026;ITM_MAT_2GT_2026_19;2GT;2;CAPACITE;Événement contraire;Calculer la probabilité de l’événement contraire.;SRC_BO_2026_14_MATH_LYCEE
ITM_MAT_2GT_2026_19_03;PRG_MAT_2GT_2026;ITM_MAT_2GT_2026_19;2GT;3;CAPACITE;Équiprobabilité;Utiliser P(A)=Card(A)/Card(Ω) dans une situation d’équiprobabilité.;SRC_BO_2026_14_MATH_LYCEE
ITM_MAT_2GT_2026_19_04;PRG_MAT_2GT_2026;ITM_MAT_2GT_2026_19;2GT;4;CAPACITE;Somme des probabilités;Calculer la probabilité d’un événement comme somme des probabilités de ses issues.;SRC_BO_2026_14_MATH_LYCEE
ITM_MAT_SPEC_1G_2026_05_01;PRG_MAT_SPEC_1G_2026;ITM_MAT_SPEC_1G_2026_05;1G;1;CAPACITE;Taux d’évolution;Calculer un taux d’évolution et l’exprimer en pourcentage.;SRC_BO_2026_14_MATH_LYCEE
ITM_MAT_SPEC_1G_2026_05_02;PRG_MAT_SPEC_1G_2026;ITM_MAT_SPEC_1G_2026_05;1G;2;CAPACITE;Évolutions successives;Calculer le taux d’évolution global associé à plusieurs évolutions successives.;SRC_BO_2026_14_MATH_LYCEE
ITM_MAT_SPEC_1G_2026_05_03;PRG_MAT_SPEC_1G_2026;ITM_MAT_SPEC_1G_2026_05;1G;3;CAPACITE;Évolution réciproque;Calculer le taux d’évolution réciproque.;SRC_BO_2026_14_MATH_LYCEE
ITM_MAT_SPEC_1G_2026_06_01;PRG_MAT_SPEC_1G_2026;ITM_MAT_SPEC_1G_2026_06;1G;1;CAPACITE;Équation produit nul;Déterminer les solutions d’une équation produit nul.;SRC_BO_2026_14_MATH_LYCEE
ITM_MAT_SPEC_1G_2026_06_02;PRG_MAT_SPEC_1G_2026;ITM_MAT_SPEC_1G_2026_06;1G;2;CAPACITE;Signe d’une expression;Déterminer le signe d’une expression du premier degré ou factorisée du second degré.;SRC_BO_2026_14_MATH_LYCEE
ITM_MAT_SPEC_1G_2026_06_03;PRG_MAT_SPEC_1G_2026;ITM_MAT_SPEC_1G_2026_06;1G;3;CAPACITE;Développer et factoriser;Développer, factoriser et réduire une expression algébrique simple.;SRC_BO_2026_14_MATH_LYCEE
ITM_MAT_SPEC_1G_2026_07_01;PRG_MAT_SPEC_1G_2026;ITM_MAT_SPEC_1G_2026_07;1G;1;CAPACITE;Résolution graphique;Résoudre graphiquement une équation ou une inéquation du type f(x)=k ou f(x)<k.;SRC_BO_2026_14_MATH_LYCEE
ITM_MAT_SPEC_1G_2026_07_02;PRG_MAT_SPEC_1G_2026;ITM_MAT_SPEC_1G_2026_07;1G;2;CAPACITE;Signe et variations graphiques;Déterminer graphiquement le signe d’une fonction ou son tableau de variations.;SRC_BO_2026_14_MATH_LYCEE
ITM_MAT_SPEC_1G_2026_07_03;PRG_MAT_SPEC_1G_2026;ITM_MAT_SPEC_1G_2026_07;1G;3;CAPACITE;Droite et coefficient directeur;Tracer une droite à partir de son équation ou d’un point et d’un coefficient directeur.;SRC_BO_2026_14_MATH_LYCEE
ITM_MAT_SPEC_1G_2026_07_04;PRG_MAT_SPEC_1G_2026;ITM_MAT_SPEC_1G_2026_07;1G;4;CAPACITE;Coefficient directeur;Déterminer le coefficient directeur à partir des coordonnées de deux points.;SRC_BO_2026_14_MATH_LYCEE
ITM_MAT_SPEC_1G_2026_11_01;PRG_MAT_SPEC_1G_2026;ITM_MAT_SPEC_1G_2026_11;1G;1;CAPACITE;Modes de génération;Passer d’une définition explicite à une définition par récurrence ou algorithmique.;SRC_BO_2026_14_MATH_LYCEE
ITM_MAT_SPEC_1G_2026_11_02;PRG_MAT_SPEC_1G_2026;ITM_MAT_SPEC_1G_2026_11;1G;2;CAPACITE;Suite arithmétique;Calculer le terme général et des sommes de termes d’une suite arithmétique.;SRC_BO_2026_14_MATH_LYCEE
ITM_MAT_SPEC_1G_2026_11_03;PRG_MAT_SPEC_1G_2026;ITM_MAT_SPEC_1G_2026_11;1G;3;CAPACITE;Suite géométrique;Calculer le terme général et des sommes de termes d’une suite géométrique.;SRC_BO_2026_14_MATH_LYCEE
ITM_MAT_SPEC_1G_2026_11_04;PRG_MAT_SPEC_1G_2026;ITM_MAT_SPEC_1G_2026_11;1G;4;CAPACITE;Variation d’une suite;Déterminer le sens de variation d’une suite dans des cas usuels.;SRC_BO_2026_14_MATH_LYCEE
ITM_MAT_SPEC_1G_2026_11_05;PRG_MAT_SPEC_1G_2026;ITM_MAT_SPEC_1G_2026_11;1G;5;CAPACITE;Modélisation discrète;Modéliser une évolution à accroissements constants ou à taux constant par une suite.;SRC_BO_2026_14_MATH_LYCEE
ITM_MAT_SPEC_1G_2026_11_06;PRG_MAT_SPEC_1G_2026;ITM_MAT_SPEC_1G_2026_11;1G;6;CAPACITE;Limite intuitive;Conjecturer une limite de suite dans des situations simples à partir de calculs ou d’un algorithme.;SRC_BO_2026_14_MATH_LYCEE
ITM_MAT_SPEC_1G_2026_12_01;PRG_MAT_SPEC_1G_2026;ITM_MAT_SPEC_1G_2026_12;1G;1;CAPACITE;Signe sous forme factorisée;Étudier le signe d’un polynôme du second degré sous forme factorisée.;SRC_BO_2026_14_MATH_LYCEE
ITM_MAT_SPEC_1G_2026_12_02;PRG_MAT_SPEC_1G_2026;ITM_MAT_SPEC_1G_2026_12;1G;2;CAPACITE;Forme canonique;Déterminer la forme canonique dans les cas simples.;SRC_BO_2026_14_MATH_LYCEE
ITM_MAT_SPEC_1G_2026_12_03;PRG_MAT_SPEC_1G_2026;ITM_MAT_SPEC_1G_2026_12;1G;3;CAPACITE;Factorisation;Factoriser un polynôme du second degré par différentes stratégies.;SRC_BO_2026_14_MATH_LYCEE
ITM_MAT_SPEC_1G_2026_12_04;PRG_MAT_SPEC_1G_2026;ITM_MAT_SPEC_1G_2026_12;1G;4;CAPACITE;Choisir une forme;Choisir la forme développée, canonique ou factorisée adaptée à un problème.;SRC_BO_2026_14_MATH_LYCEE
ITM_MAT_SPEC_1G_2026_14_01;PRG_MAT_SPEC_1G_2026;ITM_MAT_SPEC_1G_2026_14;1G;1;CAPACITE;Taux de variation;Calculer un taux de variation et interpréter la pente d’une sécante.;SRC_BO_2026_14_MATH_LYCEE
ITM_MAT_SPEC_1G_2026_14_02;PRG_MAT_SPEC_1G_2026;ITM_MAT_SPEC_1G_2026_14;1G;2;CAPACITE;Nombre dérivé;Interpréter un nombre dérivé comme pente de tangente ou vitesse instantanée.;SRC_BO_2026_14_MATH_LYCEE
ITM_MAT_SPEC_1G_2026_14_03;PRG_MAT_SPEC_1G_2026;ITM_MAT_SPEC_1G_2026_14;1G;3;CAPACITE;Tangente;Déterminer l’équation de la tangente à une courbe en un point.;SRC_BO_2026_14_MATH_LYCEE
ITM_MAT_SPEC_1G_2026_14_04;PRG_MAT_SPEC_1G_2026;ITM_MAT_SPEC_1G_2026_14;1G;4;CAPACITE;Approximation linéaire;Utiliser l’approximation linéaire au voisinage d’un point.;SRC_BO_2026_14_MATH_LYCEE
ITM_MAT_SPEC_1G_2026_14_05;PRG_MAT_SPEC_1G_2026;ITM_MAT_SPEC_1G_2026_14;1G;5;CAPACITE;Fonction dérivée;Calculer une dérivée dans des cas simples à l’aide des règles du programme.;SRC_BO_2026_14_MATH_LYCEE
ITM_MAT_SPEC_1G_2026_16_01;PRG_MAT_SPEC_1G_2026;ITM_MAT_SPEC_1G_2026_16;1G;1;CAPACITE;Calculs avec exponentielle;Utiliser les propriétés de la fonction exponentielle pour transformer et calculer des expressions.;SRC_BO_2026_14_MATH_LYCEE
ITM_MAT_SPEC_1G_2026_16_02;PRG_MAT_SPEC_1G_2026;ITM_MAT_SPEC_1G_2026_16;1G;2;CAPACITE;Modélisation exponentielle;Modéliser une évolution continue par une fonction exponentielle dans un contexte adapté.;SRC_BO_2026_14_MATH_LYCEE
ITM_MAT_SPEC_1G_2026_17_01;PRG_MAT_SPEC_1G_2026;ITM_MAT_SPEC_1G_2026_17;1G;1;CAPACITE;Cercle trigonométrique;Lire et placer des angles sur le cercle trigonométrique.;SRC_BO_2026_14_MATH_LYCEE
ITM_MAT_SPEC_1G_2026_17_02;PRG_MAT_SPEC_1G_2026;ITM_MAT_SPEC_1G_2026_17;1G;2;CAPACITE;Sinus et cosinus;Utiliser les valeurs et propriétés usuelles de sinus et cosinus.;SRC_BO_2026_14_MATH_LYCEE
ITM_MAT_SPEC_1G_2026_19_01;PRG_MAT_SPEC_1G_2026;ITM_MAT_SPEC_1G_2026_19;1G;1;CAPACITE;Produit scalaire;Calculer et interpréter un produit scalaire dans le plan.;SRC_BO_2026_14_MATH_LYCEE
ITM_MAT_SPEC_1G_2026_19_02;PRG_MAT_SPEC_1G_2026;ITM_MAT_SPEC_1G_2026_19;1G;2;CAPACITE;Orthogonalité;Utiliser le produit scalaire pour caractériser l’orthogonalité.;SRC_BO_2026_14_MATH_LYCEE
ITM_MAT_SPEC_1G_2026_20_01;PRG_MAT_SPEC_1G_2026;ITM_MAT_SPEC_1G_2026_20;1G;1;CAPACITE;Coordonnées et équations;Utiliser les coordonnées pour résoudre des problèmes de géométrie repérée.;SRC_BO_2026_14_MATH_LYCEE
ITM_MAT_SPEC_1G_2026_20_02;PRG_MAT_SPEC_1G_2026;ITM_MAT_SPEC_1G_2026_20;1G;2;CAPACITE;Équations de droites;Déterminer et exploiter des équations de droites.;SRC_BO_2026_14_MATH_LYCEE
ITM_MAT_SPEC_1G_2026_22_01;PRG_MAT_SPEC_1G_2026;ITM_MAT_SPEC_1G_2026_22;1G;1;CAPACITE;Probabilité conditionnelle;Calculer une probabilité conditionnelle à partir d’un tableau ou d’un arbre pondéré.;SRC_BO_2026_14_MATH_LYCEE
ITM_MAT_SPEC_1G_2026_22_02;PRG_MAT_SPEC_1G_2026;ITM_MAT_SPEC_1G_2026_22;1G;2;CAPACITE;Indépendance;Reconnaître et utiliser l’indépendance de deux événements.;SRC_BO_2026_14_MATH_LYCEE
ITM_MAT_SPEC_1G_2026_23_01;PRG_MAT_SPEC_1G_2026;ITM_MAT_SPEC_1G_2026_23;1G;1;CAPACITE;Loi d’une variable aléatoire;Déterminer la loi d’une variable aléatoire discrète dans un contexte simple.;SRC_BO_2026_14_MATH_LYCEE
ITM_MAT_SPEC_1G_2026_23_02;PRG_MAT_SPEC_1G_2026;ITM_MAT_SPEC_1G_2026_23;1G;2;CAPACITE;Espérance et variance;Calculer et interpréter espérance, variance et écart type dans les cas du programme.;SRC_BO_2026_14_MATH_LYCEE
ITM_MAT_SPEC_1G_2026_24_01;PRG_MAT_SPEC_1G_2026;ITM_MAT_SPEC_1G_2026_24;1G;1;CAPACITE;Simulation;Concevoir ou interpréter une simulation numérique d’une expérience aléatoire.;SRC_BO_2026_14_MATH_LYCEE
ITM_MAT_C3_6E_01;PRG_MAT_C3_2025;ITM_MAT_C3_01;6E;1;THEME;Nombres entiers et décimaux;Approfondissement de la numération décimale, des opérations et de la résolution de problèmes en sixième.;SRC_BO_2025_16_MATH_C3
ITM_MAT_C3_6E_02;PRG_MAT_C3_2025;ITM_MAT_C3_01;6E;2;THEME;Fractions et pourcentages;Fraction comme quotient et opérateur, comparaison, calculs et premières utilisations des pourcentages.;SRC_BO_2025_16_MATH_C3
ITM_MAT_C3_6E_03;PRG_MAT_C3_2025;ITM_MAT_C3_01;6E;3;THEME;Premiers raisonnements algébriques;Résolution de problèmes avec inconnues et étude de régularités avant la formalisation du calcul littéral au cycle 4.;SRC_BO_2025_16_MATH_C3
ITM_MAT_C3_6E_04;PRG_MAT_C3_2025;ITM_MAT_C3_02;6E;1;THEME;Longueurs et périmètres;Conversions, périmètres usuels et périmètre du disque.;SRC_BO_2025_16_MATH_C3
ITM_MAT_C3_6E_05;PRG_MAT_C3_2025;ITM_MAT_C3_02;6E;2;THEME;Aires;Aire de figures usuelles, unités d’aire et conversions.;SRC_BO_2025_16_MATH_C3
ITM_MAT_C3_6E_06;PRG_MAT_C3_2025;ITM_MAT_C3_02;6E;3;THEME;Volumes;Introduction du centimètre cube et calcul de volumes d’assemblages simples.;SRC_BO_2025_16_MATH_C3
ITM_MAT_C3_6E_07;PRG_MAT_C3_2025;ITM_MAT_C3_02;6E;4;THEME;Horaires et durées;Calculs et conversions utilisant les unités de durée et le système sexagésimal.;SRC_BO_2025_16_MATH_C3
ITM_MAT_C3_6E_08;PRG_MAT_C3_2025;ITM_MAT_C3_03;6E;1;THEME;Configurations planes;Distances, angles, triangles, cercle, médiatrice et symétrie axiale.;SRC_BO_2025_16_MATH_C3
ITM_MAT_C3_6E_09;PRG_MAT_C3_2025;ITM_MAT_C3_03;6E;2;THEME;Vision dans l’espace;Lecture et représentation d’assemblages de cubes et reconnaissance de solides usuels.;SRC_BO_2025_16_MATH_C3
ITM_MAT_C3_6E_10;PRG_MAT_C3_2025;ITM_MAT_C3_04;6E;1;THEME;Organisation et gestion de données;Conduite d’une enquête simple, collecte, tableau et filtrage de données.;SRC_BO_2025_16_MATH_C3
ITM_MAT_C3_6E_11;PRG_MAT_C3_2025;ITM_MAT_C3_04;6E;2;THEME;Probabilités;Probabilité comme nombre entre 0 et 1, équiprobabilité et comparaison avec des fréquences observées.;SRC_BO_2025_16_MATH_C3
ITM_MAT_C3_6E_12;PRG_MAT_C3_2025;ITM_MAT_C3_05;6E;1;THEME;Proportionnalité en contexte;Reconnaissance du modèle de proportionnalité et résolution par linéarité ou retour à l’unité.;SRC_BO_2025_16_MATH_C3
ITM_MAT_C3_6E_13;PRG_MAT_C3_2025;ITM_MAT_C3_06;6E;1;THEME;Instructions, séquences et répétitions;Initiation à la pensée informatique, avec ou sans machine.;SRC_BO_2025_16_MATH_C3
ITM_MAT_C3_6E_C01;PRG_MAT_C3_2025;ITM_MAT_C3_6E_01;6E;1;CAPACITE;Lire, écrire et comparer de grands nombres;Lire, écrire, décomposer, comparer et ordonner des entiers, notamment jusqu’au milliard.;SRC_BO_2025_16_MATH_C3
ITM_MAT_C3_6E_C02;PRG_MAT_C3_2025;ITM_MAT_C3_6E_01;6E;2;CAPACITE;Utiliser différentes écritures d’un nombre décimal;Passer entre écriture décimale, décomposition et représentations adaptées.;SRC_BO_2025_16_MATH_C3
ITM_MAT_C3_6E_C03;PRG_MAT_C3_2025;ITM_MAT_C3_6E_01;6E;3;CAPACITE;Multiplier des nombres décimaux;Effectuer et contrôler une multiplication impliquant des nombres décimaux dans un calcul ou un problème.;SRC_BO_2025_16_MATH_C3
ITM_MAT_C3_6E_C04;PRG_MAT_C3_2025;ITM_MAT_C3_6E_01;6E;4;CAPACITE;Choisir une opération adaptée à un problème;Identifier le sens des opérations et construire une chaîne de calculs cohérente.;SRC_BO_2025_16_MATH_C3
ITM_MAT_C3_6E_C05;PRG_MAT_C3_2025;ITM_MAT_C3_6E_02;6E;5;CAPACITE;Interpréter une fraction comme quotient;Relier une fraction au résultat exact d’une division et comprendre le quotient d’un entier par un entier non nul.;SRC_BO_2025_16_MATH_C3
ITM_MAT_C3_6E_C06;PRG_MAT_C3_2025;ITM_MAT_C3_6E_02;6E;6;CAPACITE;Placer une fraction sur une demi-droite graduée;Repérer et placer des fractions dans des cas simples en choisissant une graduation adaptée.;SRC_BO_2025_16_MATH_C3
ITM_MAT_C3_6E_C07;PRG_MAT_C3_2025;ITM_MAT_C3_6E_02;6E;7;CAPACITE;Appliquer une fraction à un entier;Utiliser une multiplication pour calculer une fraction d’un nombre entier.;SRC_BO_2025_16_MATH_C3
ITM_MAT_C3_6E_C08;PRG_MAT_C3_2025;ITM_MAT_C3_6E_02;6E;8;CAPACITE;Comparer et encadrer des fractions;Établir des égalités de fractions, comparer, encadrer et ordonner des fractions simples.;SRC_BO_2025_16_MATH_C3
ITM_MAT_C3_6E_C09;PRG_MAT_C3_2025;ITM_MAT_C3_6E_02;6E;9;CAPACITE;Additionner et soustraire des fractions;Effectuer des additions et soustractions de fractions dans des situations adaptées au niveau.;SRC_BO_2025_16_MATH_C3
ITM_MAT_C3_6E_C10;PRG_MAT_C3_2025;ITM_MAT_C3_6E_02;6E;10;CAPACITE;Multiplier une fraction par un entier;Calculer le produit d’une fraction par un nombre entier et interpréter le résultat.;SRC_BO_2025_16_MATH_C3
ITM_MAT_C3_6E_C11;PRG_MAT_C3_2025;ITM_MAT_C3_6E_02;6E;11;CAPACITE;Comprendre et utiliser un pourcentage;Relier pourcentage, proportion et fraction, puis calculer ou appliquer un pourcentage simple.;SRC_BO_2025_16_MATH_C3
ITM_MAT_C3_6E_C12;PRG_MAT_C3_2025;ITM_MAT_C3_6E_03;6E;12;CAPACITE;Résoudre un problème à nombre inconnu;Utiliser un schéma, une égalité à trou ou un autre modèle pré-algébrique pour déterminer une inconnue.;SRC_BO_2025_16_MATH_C3
ITM_MAT_C3_6E_C13;PRG_MAT_C3_2025;ITM_MAT_C3_6E_03;6E;13;CAPACITE;Identifier une régularité dans un motif évolutif;Repérer et formuler la structure d’une suite de nombres ou de motifs.;SRC_BO_2025_16_MATH_C3
ITM_MAT_C3_6E_C14;PRG_MAT_C3_2025;ITM_MAT_C3_6E_04;6E;14;CAPACITE;Calculer le périmètre d’un disque;Utiliser la proportionnalité entre diamètre et périmètre et la formule correspondante.;SRC_BO_2025_16_MATH_C3
ITM_MAT_C3_6E_C15;PRG_MAT_C3_2025;ITM_MAT_C3_6E_04;6E;15;CAPACITE;Calculer le périmètre d’une figure composée;Décomposer une figure et additionner les longueurs nécessaires.;SRC_BO_2025_16_MATH_C3
ITM_MAT_C3_6E_C16;PRG_MAT_C3_2025;ITM_MAT_C3_6E_04;6E;16;CAPACITE;Résoudre des problèmes de longueurs;Choisir les unités, convertir si nécessaire et résoudre des problèmes de longueurs ou de périmètres.;SRC_BO_2025_16_MATH_C3
ITM_MAT_C3_6E_C17;PRG_MAT_C3_2025;ITM_MAT_C3_6E_05;6E;17;CAPACITE;Convertir des unités d’aire;Utiliser les relations entre cm², dm² et m² dans des situations simples.;SRC_BO_2025_16_MATH_C3
ITM_MAT_C3_6E_C18;PRG_MAT_C3_2025;ITM_MAT_C3_6E_05;6E;18;CAPACITE;Calculer l’aire de figures usuelles;Calculer notamment l’aire d’un carré ou d’un rectangle et exploiter des décompositions simples.;SRC_BO_2025_16_MATH_C3
ITM_MAT_C3_6E_C19;PRG_MAT_C3_2025;ITM_MAT_C3_6E_06;6E;19;CAPACITE;Déterminer un volume en cm³;Dénombrer des cubes unités et déterminer le volume d’un assemblage simple.;SRC_BO_2025_16_MATH_C3
ITM_MAT_C3_6E_C20;PRG_MAT_C3_2025;ITM_MAT_C3_6E_07;6E;20;CAPACITE;Calculer et convertir des durées;Effectuer des calculs sur horaires et durées, puis convertir entre unités de temps.;SRC_BO_2025_16_MATH_C3
ITM_MAT_C3_6E_C21;PRG_MAT_C3_2025;ITM_MAT_C3_6E_08;6E;21;CAPACITE;Construire et raisonner sur des triangles;Construire des triangles, utiliser leurs propriétés angulaires et la somme des angles.;SRC_BO_2025_16_MATH_C3
ITM_MAT_C3_6E_C22;PRG_MAT_C3_2025;ITM_MAT_C3_6E_08;6E;22;CAPACITE;Construire et utiliser une médiatrice;Reconnaître et construire une médiatrice, puis mobiliser ses propriétés dans une configuration.;SRC_BO_2025_16_MATH_C3
ITM_MAT_C3_6E_C23;PRG_MAT_C3_2025;ITM_MAT_C3_6E_08;6E;23;CAPACITE;Construire le cercle circonscrit à un triangle;Utiliser la concurrence des médiatrices pour déterminer le centre du cercle circonscrit.;SRC_BO_2025_16_MATH_C3
ITM_MAT_C3_6E_C24;PRG_MAT_C3_2025;ITM_MAT_C3_6E_08;6E;24;CAPACITE;Construire un symétrique par symétrie axiale;Utiliser les propriétés de la symétrie axiale pour effectuer et justifier une construction.;SRC_BO_2025_16_MATH_C3
ITM_MAT_C3_6E_C25;PRG_MAT_C3_2025;ITM_MAT_C3_6E_09;6E;25;CAPACITE;Lire une représentation d’un assemblage de cubes;Passer entre une configuration spatiale simple et différentes représentations planes.;SRC_BO_2025_16_MATH_C3
ITM_MAT_C3_6E_C26;PRG_MAT_C3_2025;ITM_MAT_C3_6E_10;6E;26;CAPACITE;Planifier une enquête et recueillir des données;Définir les informations à collecter, effectuer des mesures ou observations et les organiser.;SRC_BO_2025_16_MATH_C3
ITM_MAT_C3_6E_C27;PRG_MAT_C3_2025;ITM_MAT_C3_6E_10;6E;27;CAPACITE;Construire et filtrer un tableau de données;Présenter des données dans un tableau simple et sélectionner les lignes répondant à un critère.;SRC_BO_2025_16_MATH_C3
ITM_MAT_C3_6E_C28;PRG_MAT_C3_2025;ITM_MAT_C3_6E_11;6E;28;CAPACITE;Calculer une probabilité en équiprobabilité;Déterminer une probabilité simple et l’exprimer comme fraction, nombre décimal ou pourcentage.;SRC_BO_2025_16_MATH_C3
ITM_MAT_C3_6E_C29;PRG_MAT_C3_2025;ITM_MAT_C3_6E_11;6E;29;CAPACITE;Comparer fréquence observée et probabilité;Répéter une expérience aléatoire simple et confronter les fréquences obtenues à une probabilité calculée.;SRC_BO_2025_16_MATH_C3
ITM_MAT_C3_6E_C30;PRG_MAT_C3_2025;ITM_MAT_C3_6E_12;6E;30;CAPACITE;Reconnaître une situation de proportionnalité;Décider si deux grandeurs relèvent d’un modèle de proportionnalité et justifier le choix.;SRC_BO_2025_16_MATH_C3
ITM_MAT_C3_6E_C31;PRG_MAT_C3_2025;ITM_MAT_C3_6E_12;6E;31;CAPACITE;Résoudre un problème de proportionnalité;Choisir entre linéarité multiplicative, linéarité additive ou retour à l’unité.;SRC_BO_2025_16_MATH_C3
ITM_MAT_C3_6E_C32;PRG_MAT_C3_2025;ITM_MAT_C3_6E_12;6E;32;CAPACITE;Représenter une situation de proportionnalité;Utiliser un tableau ou des notations symboliques en explicitant les grandeurs et les unités.;SRC_BO_2025_16_MATH_C3
ITM_MAT_C3_6E_C33;PRG_MAT_C3_2025;ITM_MAT_C3_6E_12;6E;33;CAPACITE;Résoudre un problème simple d’échelle;Interpréter une échelle et déterminer une longueur réelle ou représentée.;SRC_BO_2025_16_MATH_C3
ITM_MAT_C3_6E_C34;PRG_MAT_C3_2025;ITM_MAT_C3_6E_13;6E;34;CAPACITE;Identifier et exécuter une séquence d’instructions;Reconnaître une instruction, exécuter une suite d’instructions et anticiper son résultat.;SRC_BO_2025_16_MATH_C3
ITM_MAT_C3_6E_C35;PRG_MAT_C3_2025;ITM_MAT_C3_6E_13;6E;35;CAPACITE;Produire une séquence d’instructions;Écrire une suite d’instructions permettant d’atteindre un résultat imposé.;SRC_BO_2025_16_MATH_C3
ITM_MAT_C3_6E_C36;PRG_MAT_C3_2025;ITM_MAT_C3_6E_13;6E;36;CAPACITE;Utiliser une répétition simple;Répéter une séquence d’instructions pour automatiser une tâche ou construire un chemin simple.;SRC_BO_2025_16_MATH_C3
ITM_MAT_TERM_G_2019_01_01;PRG_MAT_TERM_G_2019;ITM_MAT_TERM_G_2019_01;TG;01.01;THEME;Combinatoire et dénombrement;Sous-thème du programme de spécialité de mathématiques de terminale générale applicable en 2026-2027.;SRC_BO_2019_08_MATH_OPTIONS
ITM_MAT_TERM_G_2019_01_01_01;PRG_MAT_TERM_G_2019;ITM_MAT_TERM_G_2019_01_01;TG;1;CAPACITE;Choisir une représentation adaptée à un dénombrement et identifier les objets à compter.;Capacité attendue, reformulée fidèlement à partir du programme officiel.;SRC_BO_2019_08_MATH_OPTIONS
ITM_MAT_TERM_G_2019_01_01_02;PRG_MAT_TERM_G_2019;ITM_MAT_TERM_G_2019_01_01;TG;2;CAPACITE;Effectuer des dénombrements simples dans des contextes variés.;Capacité attendue, reformulée fidèlement à partir du programme officiel.;SRC_BO_2019_08_MATH_OPTIONS
ITM_MAT_TERM_G_2019_01_02;PRG_MAT_TERM_G_2019;ITM_MAT_TERM_G_2019_01;TG;01.02;THEME;Manipulation des vecteurs, des droites et des plans de l’espace;Sous-thème du programme de spécialité de mathématiques de terminale générale applicable en 2026-2027.;SRC_BO_2019_08_MATH_OPTIONS
ITM_MAT_TERM_G_2019_01_02_01;PRG_MAT_TERM_G_2019;ITM_MAT_TERM_G_2019_01_02;TG;1;CAPACITE;Représenter des combinaisons linéaires de vecteurs.;Capacité attendue, reformulée fidèlement à partir du programme officiel.;SRC_BO_2019_08_MATH_OPTIONS
ITM_MAT_TERM_G_2019_01_02_02;PRG_MAT_TERM_G_2019;ITM_MAT_TERM_G_2019_01_02;TG;2;CAPACITE;Exprimer un vecteur comme combinaison linéaire à partir d’une figure.;Capacité attendue, reformulée fidèlement à partir du programme officiel.;SRC_BO_2019_08_MATH_OPTIONS
ITM_MAT_TERM_G_2019_01_02_03;PRG_MAT_TERM_G_2019;ITM_MAT_TERM_G_2019_01_02;TG;3;CAPACITE;Décrire les positions relatives de droites et de plans dans l’espace.;Capacité attendue, reformulée fidèlement à partir du programme officiel.;SRC_BO_2019_08_MATH_OPTIONS
ITM_MAT_TERM_G_2019_01_02_04;PRG_MAT_TERM_G_2019;ITM_MAT_TERM_G_2019_01_02;TG;4;CAPACITE;Reconnaître sur une figure si des vecteurs forment une base.;Capacité attendue, reformulée fidèlement à partir du programme officiel.;SRC_BO_2019_08_MATH_OPTIONS
ITM_MAT_TERM_G_2019_01_02_05;PRG_MAT_TERM_G_2019;ITM_MAT_TERM_G_2019_01_02;TG;5;CAPACITE;Lire la décomposition d’un vecteur dans une base.;Capacité attendue, reformulée fidèlement à partir du programme officiel.;SRC_BO_2019_08_MATH_OPTIONS
ITM_MAT_TERM_G_2019_01_02_06;PRG_MAT_TERM_G_2019;ITM_MAT_TERM_G_2019_01_02;TG;6;CAPACITE;Résoudre géométriquement des configurations simples dans l’espace : alignement, colinéarité, parallélisme et coplanarité.;Capacité attendue, reformulée fidèlement à partir du programme officiel.;SRC_BO_2019_08_MATH_OPTIONS
ITM_MAT_TERM_G_2019_01_03;PRG_MAT_TERM_G_2019;ITM_MAT_TERM_G_2019_01;TG;01.03;THEME;Orthogonalité et distances dans l’espace;Sous-thème du programme de spécialité de mathématiques de terminale générale applicable en 2026-2027.;SRC_BO_2019_08_MATH_OPTIONS
ITM_MAT_TERM_G_2019_01_03_01;PRG_MAT_TERM_G_2019;ITM_MAT_TERM_G_2019_01_03;TG;1;CAPACITE;Utiliser le produit scalaire pour établir une orthogonalité ou calculer un angle ou une longueur dans l’espace.;Capacité attendue, reformulée fidèlement à partir du programme officiel.;SRC_BO_2019_08_MATH_OPTIONS
ITM_MAT_TERM_G_2019_01_03_02;PRG_MAT_TERM_G_2019;ITM_MAT_TERM_G_2019_01_03;TG;2;CAPACITE;Utiliser une projection orthogonale pour déterminer la distance d’un point à une droite ou à un plan.;Capacité attendue, reformulée fidèlement à partir du programme officiel.;SRC_BO_2019_08_MATH_OPTIONS
ITM_MAT_TERM_G_2019_01_03_03;PRG_MAT_TERM_G_2019;ITM_MAT_TERM_G_2019_01_03;TG;3;CAPACITE;Résoudre des problèmes de longueurs, angles, aires ou volumes dans l’espace.;Capacité attendue, reformulée fidèlement à partir du programme officiel.;SRC_BO_2019_08_MATH_OPTIONS
ITM_MAT_TERM_G_2019_01_03_04;PRG_MAT_TERM_G_2019;ITM_MAT_TERM_G_2019_01_03;TG;4;CAPACITE;Étudier des configurations spatiales faisant intervenir orthogonalité et lieux géométriques simples.;Capacité attendue, reformulée fidèlement à partir du programme officiel.;SRC_BO_2019_08_MATH_OPTIONS
ITM_MAT_TERM_G_2019_01_04;PRG_MAT_TERM_G_2019;ITM_MAT_TERM_G_2019_01;TG;01.04;THEME;Représentations paramétriques et équations cartésiennes;Sous-thème du programme de spécialité de mathématiques de terminale générale applicable en 2026-2027.;SRC_BO_2019_08_MATH_OPTIONS
ITM_MAT_TERM_G_2019_01_04_01;PRG_MAT_TERM_G_2019;ITM_MAT_TERM_G_2019_01_04;TG;1;CAPACITE;Déterminer et reconnaître une représentation paramétrique de droite.;Capacité attendue, reformulée fidèlement à partir du programme officiel.;SRC_BO_2019_08_MATH_OPTIONS
ITM_MAT_TERM_G_2019_01_04_02;PRG_MAT_TERM_G_2019;ITM_MAT_TERM_G_2019_01_04;TG;2;CAPACITE;Déterminer et reconnaître une équation cartésienne de plan et en identifier un vecteur normal.;Capacité attendue, reformulée fidèlement à partir du programme officiel.;SRC_BO_2019_08_MATH_OPTIONS
ITM_MAT_TERM_G_2019_01_04_03;PRG_MAT_TERM_G_2019;ITM_MAT_TERM_G_2019_01_04;TG;3;CAPACITE;Déterminer les coordonnées du projeté orthogonal d’un point sur un plan ou une droite.;Capacité attendue, reformulée fidèlement à partir du programme officiel.;SRC_BO_2019_08_MATH_OPTIONS
ITM_MAT_TERM_G_2019_01_04_04;PRG_MAT_TERM_G_2019;ITM_MAT_TERM_G_2019_01_04;TG;4;CAPACITE;Traduire une configuration géométrique repérée par un système linéaire simple, le résoudre et interpréter ses solutions.;Capacité attendue, reformulée fidèlement à partir du programme officiel.;SRC_BO_2019_08_MATH_OPTIONS
ITM_MAT_TERM_G_2019_02_01;PRG_MAT_TERM_G_2019;ITM_MAT_TERM_G_2019_02;TG;02.01;THEME;Suites numériques;Sous-thème du programme de spécialité de mathématiques de terminale générale applicable en 2026-2027.;SRC_BO_2019_08_MATH_OPTIONS
ITM_MAT_TERM_G_2019_02_01_01;PRG_MAT_TERM_G_2019;ITM_MAT_TERM_G_2019_02_01;TG;1;CAPACITE;Établir la convergence d’une suite ou sa divergence vers l’infini.;Capacité attendue, reformulée fidèlement à partir du programme officiel.;SRC_BO_2019_08_MATH_OPTIONS
ITM_MAT_TERM_G_2019_02_01_02;PRG_MAT_TERM_G_2019;ITM_MAT_TERM_G_2019_02_01;TG;2;CAPACITE;Utiliser un raisonnement par récurrence pour établir une propriété d’une suite.;Capacité attendue, reformulée fidèlement à partir du programme officiel.;SRC_BO_2019_08_MATH_OPTIONS
ITM_MAT_TERM_G_2019_02_01_03;PRG_MAT_TERM_G_2019;ITM_MAT_TERM_G_2019_02_01;TG;3;CAPACITE;Étudier un phénomène d’évolution modélisé par une suite.;Capacité attendue, reformulée fidèlement à partir du programme officiel.;SRC_BO_2019_08_MATH_OPTIONS
ITM_MAT_TERM_G_2019_02_02;PRG_MAT_TERM_G_2019;ITM_MAT_TERM_G_2019_02;TG;02.02;THEME;Limites des fonctions;Sous-thème du programme de spécialité de mathématiques de terminale générale applicable en 2026-2027.;SRC_BO_2019_08_MATH_OPTIONS
ITM_MAT_TERM_G_2019_02_02_01;PRG_MAT_TERM_G_2019;ITM_MAT_TERM_G_2019_02_02;TG;1;CAPACITE;Déterminer une limite simple de suite ou de fonction à l’aide des limites usuelles, comparaisons, opérations ou encadrements.;Capacité attendue, reformulée fidèlement à partir du programme officiel.;SRC_BO_2019_08_MATH_OPTIONS
ITM_MAT_TERM_G_2019_02_02_02;PRG_MAT_TERM_G_2019;ITM_MAT_TERM_G_2019_02_02;TG;2;CAPACITE;Relier l’existence d’une asymptote parallèle à un axe à la limite correspondante.;Capacité attendue, reformulée fidèlement à partir du programme officiel.;SRC_BO_2019_08_MATH_OPTIONS
ITM_MAT_TERM_G_2019_02_03;PRG_MAT_TERM_G_2019;ITM_MAT_TERM_G_2019_02;TG;02.03;THEME;Compléments sur la dérivation;Sous-thème du programme de spécialité de mathématiques de terminale générale applicable en 2026-2027.;SRC_BO_2019_08_MATH_OPTIONS
ITM_MAT_TERM_G_2019_02_03_01;PRG_MAT_TERM_G_2019;ITM_MAT_TERM_G_2019_02_03;TG;1;CAPACITE;Calculer la dérivée d’une fonction simple faisant intervenir opérations algébriques et composition.;Capacité attendue, reformulée fidèlement à partir du programme officiel.;SRC_BO_2019_08_MATH_OPTIONS
ITM_MAT_TERM_G_2019_02_03_02;PRG_MAT_TERM_G_2019;ITM_MAT_TERM_G_2019_02_03;TG;2;CAPACITE;Étudier limites et variations d’une fonction construite à partir de fonctions de référence.;Capacité attendue, reformulée fidèlement à partir du programme officiel.;SRC_BO_2019_08_MATH_OPTIONS
ITM_MAT_TERM_G_2019_02_03_03;PRG_MAT_TERM_G_2019;ITM_MAT_TERM_G_2019_02_03;TG;3;CAPACITE;Démontrer des inégalités à l’aide de la convexité.;Capacité attendue, reformulée fidèlement à partir du programme officiel.;SRC_BO_2019_08_MATH_OPTIONS
ITM_MAT_TERM_G_2019_02_03_04;PRG_MAT_TERM_G_2019;ITM_MAT_TERM_G_2019_02_03;TG;4;CAPACITE;Esquisser une courbe à partir de tableaux de variations de la fonction ou de ses dérivées.;Capacité attendue, reformulée fidèlement à partir du programme officiel.;SRC_BO_2019_08_MATH_OPTIONS
ITM_MAT_TERM_G_2019_02_03_05;PRG_MAT_TERM_G_2019;ITM_MAT_TERM_G_2019_02_03;TG;5;CAPACITE;Identifier graphiquement convexité, concavité et points d’inflexion et les exploiter dans un problème.;Capacité attendue, reformulée fidèlement à partir du programme officiel.;SRC_BO_2019_08_MATH_OPTIONS
ITM_MAT_TERM_G_2019_02_04;PRG_MAT_TERM_G_2019;ITM_MAT_TERM_G_2019_02;TG;02.04;THEME;Continuité des fonctions d’une variable réelle;Sous-thème du programme de spécialité de mathématiques de terminale générale applicable en 2026-2027.;SRC_BO_2019_08_MATH_OPTIONS
ITM_MAT_TERM_G_2019_02_04_01;PRG_MAT_TERM_G_2019;ITM_MAT_TERM_G_2019_02_04;TG;1;CAPACITE;Étudier existence, unicité et encadrement des solutions d’une équation f(x)=k à l’aide de la continuité.;Capacité attendue, reformulée fidèlement à partir du programme officiel.;SRC_BO_2019_08_MATH_OPTIONS
ITM_MAT_TERM_G_2019_02_04_02;PRG_MAT_TERM_G_2019;ITM_MAT_TERM_G_2019_02_04;TG;2;CAPACITE;Étudier une suite définie par itération d’une fonction continue sur un intervalle stable.;Capacité attendue, reformulée fidèlement à partir du programme officiel.;SRC_BO_2019_08_MATH_OPTIONS
ITM_MAT_TERM_G_2019_02_05;PRG_MAT_TERM_G_2019;ITM_MAT_TERM_G_2019_02;TG;02.05;THEME;Fonction logarithme;Sous-thème du programme de spécialité de mathématiques de terminale générale applicable en 2026-2027.;SRC_BO_2019_08_MATH_OPTIONS
ITM_MAT_TERM_G_2019_02_05_01;PRG_MAT_TERM_G_2019;ITM_MAT_TERM_G_2019_02_05;TG;1;CAPACITE;Utiliser les propriétés fonctionnelles de l’exponentielle et du logarithme pour transformer une expression ou résoudre équations et inéquations.;Capacité attendue, reformulée fidèlement à partir du programme officiel.;SRC_BO_2019_08_MATH_OPTIONS
ITM_MAT_TERM_G_2019_02_05_02;PRG_MAT_TERM_G_2019;ITM_MAT_TERM_G_2019_02_05;TG;2;CAPACITE;Mobiliser les propriétés des fonctions exponentielle et logarithme dans une résolution de problème.;Capacité attendue, reformulée fidèlement à partir du programme officiel.;SRC_BO_2019_08_MATH_OPTIONS
ITM_MAT_TERM_G_2019_02_06;PRG_MAT_TERM_G_2019;ITM_MAT_TERM_G_2019_02;TG;02.06;THEME;Fonctions sinus et cosinus;Sous-thème du programme de spécialité de mathématiques de terminale générale applicable en 2026-2027.;SRC_BO_2019_08_MATH_OPTIONS
ITM_MAT_TERM_G_2019_02_06_01;PRG_MAT_TERM_G_2019;ITM_MAT_TERM_G_2019_02_06;TG;1;CAPACITE;Résoudre des équations et inéquations trigonométriques simples sur un intervalle donné.;Capacité attendue, reformulée fidèlement à partir du programme officiel.;SRC_BO_2019_08_MATH_OPTIONS
ITM_MAT_TERM_G_2019_02_06_02;PRG_MAT_TERM_G_2019;ITM_MAT_TERM_G_2019_02_06;TG;2;CAPACITE;Étudier une fonction simple construite avec sinus ou cosinus afin de déterminer variations ou optimum.;Capacité attendue, reformulée fidèlement à partir du programme officiel.;SRC_BO_2019_08_MATH_OPTIONS
ITM_MAT_TERM_G_2019_02_07;PRG_MAT_TERM_G_2019;ITM_MAT_TERM_G_2019_02;TG;02.07;THEME;Primitives, équations différentielles;Sous-thème du programme de spécialité de mathématiques de terminale générale applicable en 2026-2027.;SRC_BO_2019_08_MATH_OPTIONS
ITM_MAT_TERM_G_2019_02_07_01;PRG_MAT_TERM_G_2019;ITM_MAT_TERM_G_2019_02_07;TG;1;CAPACITE;Calculer une primitive à partir des primitives de référence et de formes composées usuelles.;Capacité attendue, reformulée fidèlement à partir du programme officiel.;SRC_BO_2019_08_MATH_OPTIONS
ITM_MAT_TERM_G_2019_02_07_02;PRG_MAT_TERM_G_2019;ITM_MAT_TERM_G_2019_02_07;TG;2;CAPACITE;Résoudre une équation différentielle y’=ay+b en utilisant une solution particulière constante.;Capacité attendue, reformulée fidèlement à partir du programme officiel.;SRC_BO_2019_08_MATH_OPTIONS
ITM_MAT_TERM_G_2019_02_07_03;PRG_MAT_TERM_G_2019;ITM_MAT_TERM_G_2019_02_07;TG;3;CAPACITE;Déterminer toutes les solutions de y’=ay+f à partir d’une solution particulière donnée.;Capacité attendue, reformulée fidèlement à partir du programme officiel.;SRC_BO_2019_08_MATH_OPTIONS
ITM_MAT_TERM_G_2019_02_08;PRG_MAT_TERM_G_2019;ITM_MAT_TERM_G_2019_02;TG;02.08;THEME;Calcul intégral;Sous-thème du programme de spécialité de mathématiques de terminale générale applicable en 2026-2027.;SRC_BO_2019_08_MATH_OPTIONS
ITM_MAT_TERM_G_2019_02_08_01;PRG_MAT_TERM_G_2019;ITM_MAT_TERM_G_2019_02_08;TG;1;CAPACITE;Estimer graphiquement ou encadrer une intégrale ou une valeur moyenne.;Capacité attendue, reformulée fidèlement à partir du programme officiel.;SRC_BO_2019_08_MATH_OPTIONS
ITM_MAT_TERM_G_2019_02_08_02;PRG_MAT_TERM_G_2019;ITM_MAT_TERM_G_2019_02_08;TG;2;CAPACITE;Calculer une intégrale à l’aide d’une primitive ou d’une intégration par parties.;Capacité attendue, reformulée fidèlement à partir du programme officiel.;SRC_BO_2019_08_MATH_OPTIONS
ITM_MAT_TERM_G_2019_02_08_03;PRG_MAT_TERM_G_2019;ITM_MAT_TERM_G_2019_02_08;TG;3;CAPACITE;Majorer ou minorer une intégrale par comparaison de fonctions.;Capacité attendue, reformulée fidèlement à partir du programme officiel.;SRC_BO_2019_08_MATH_OPTIONS
ITM_MAT_TERM_G_2019_02_08_04;PRG_MAT_TERM_G_2019;ITM_MAT_TERM_G_2019_02_08;TG;4;CAPACITE;Calculer l’aire comprise entre deux courbes.;Capacité attendue, reformulée fidèlement à partir du programme officiel.;SRC_BO_2019_08_MATH_OPTIONS
ITM_MAT_TERM_G_2019_02_08_05;PRG_MAT_TERM_G_2019;ITM_MAT_TERM_G_2019_02_08;TG;5;CAPACITE;Étudier une suite d’intégrales, éventuellement à l’aide d’une relation de récurrence.;Capacité attendue, reformulée fidèlement à partir du programme officiel.;SRC_BO_2019_08_MATH_OPTIONS
ITM_MAT_TERM_G_2019_02_08_06;PRG_MAT_TERM_G_2019;ITM_MAT_TERM_G_2019_02_08;TG;6;CAPACITE;Interpréter une intégrale ou une valeur moyenne dans un contexte issu d’une autre discipline.;Capacité attendue, reformulée fidèlement à partir du programme officiel.;SRC_BO_2019_08_MATH_OPTIONS
ITM_MAT_TERM_G_2019_03_01;PRG_MAT_TERM_G_2019;ITM_MAT_TERM_G_2019_03;TG;03.01;THEME;Succession d’épreuves indépendantes, schéma de Bernoulli;Sous-thème du programme de spécialité de mathématiques de terminale générale applicable en 2026-2027.;SRC_BO_2019_08_MATH_OPTIONS
ITM_MAT_TERM_G_2019_03_01_01;PRG_MAT_TERM_G_2019;ITM_MAT_TERM_G_2019_03_01;TG;1;CAPACITE;Modéliser une succession d’épreuves par un arbre et calculer des probabilités avec indépendance, conditionnement ou probabilités totales.;Capacité attendue, reformulée fidèlement à partir du programme officiel.;SRC_BO_2019_08_MATH_OPTIONS
ITM_MAT_TERM_G_2019_03_01_02;PRG_MAT_TERM_G_2019;ITM_MAT_TERM_G_2019_03_01;TG;2;CAPACITE;Reconnaître et utiliser un schéma de Bernoulli ou une loi binomiale.;Capacité attendue, reformulée fidèlement à partir du programme officiel.;SRC_BO_2019_08_MATH_OPTIONS
ITM_MAT_TERM_G_2019_03_01_03;PRG_MAT_TERM_G_2019;ITM_MAT_TERM_G_2019_03_01;TG;3;CAPACITE;Utiliser la loi binomiale pour traiter un problème de seuil, de comparaison ou d’optimisation.;Capacité attendue, reformulée fidèlement à partir du programme officiel.;SRC_BO_2019_08_MATH_OPTIONS
ITM_MAT_TERM_G_2019_03_01_04;PRG_MAT_TERM_G_2019;ITM_MAT_TERM_G_2019_03_01;TG;4;CAPACITE;Calculer des probabilités binomiales et rechercher un intervalle satisfaisant un niveau de risque donné.;Capacité attendue, reformulée fidèlement à partir du programme officiel.;SRC_BO_2019_08_MATH_OPTIONS
ITM_MAT_TERM_G_2019_03_02;PRG_MAT_TERM_G_2019;ITM_MAT_TERM_G_2019_03;TG;03.02;THEME;Sommes de variables aléatoires;Sous-thème du programme de spécialité de mathématiques de terminale générale applicable en 2026-2027.;SRC_BO_2019_08_MATH_OPTIONS
ITM_MAT_TERM_G_2019_03_02_01;PRG_MAT_TERM_G_2019;ITM_MAT_TERM_G_2019_03_02;TG;1;CAPACITE;Représenter une variable aléatoire comme somme de variables plus simples.;Capacité attendue, reformulée fidèlement à partir du programme officiel.;SRC_BO_2019_08_MATH_OPTIONS
ITM_MAT_TERM_G_2019_03_02_02;PRG_MAT_TERM_G_2019;ITM_MAT_TERM_G_2019_03_02;TG;2;CAPACITE;Calculer une espérance en utilisant notamment la linéarité.;Capacité attendue, reformulée fidèlement à partir du programme officiel.;SRC_BO_2019_08_MATH_OPTIONS
ITM_MAT_TERM_G_2019_03_02_03;PRG_MAT_TERM_G_2019;ITM_MAT_TERM_G_2019_03_02;TG;3;CAPACITE;Calculer une variance en exploitant une décomposition en variables indépendantes.;Capacité attendue, reformulée fidèlement à partir du programme officiel.;SRC_BO_2019_08_MATH_OPTIONS
ITM_MAT_TERM_G_2019_03_03;PRG_MAT_TERM_G_2019;ITM_MAT_TERM_G_2019_03;TG;03.03;THEME;Concentration, loi des grands nombres;Sous-thème du programme de spécialité de mathématiques de terminale générale applicable en 2026-2027.;SRC_BO_2019_08_MATH_OPTIONS
ITM_MAT_TERM_G_2019_03_03_01;PRG_MAT_TERM_G_2019;ITM_MAT_TERM_G_2019_03_03;TG;1;CAPACITE;Utiliser l’inégalité de Bienaymé-Tchebychev pour déterminer une taille d’échantillon en fonction d’une précision et d’un risque.;Capacité attendue, reformulée fidèlement à partir du programme officiel.;SRC_BO_2019_08_MATH_OPTIONS
ITM_MAT_TERM_G_2019_04_01;PRG_MAT_TERM_G_2019;ITM_MAT_TERM_G_2019_04;TG;04.01;THEME;Notion de liste;Sous-thème du programme de spécialité de mathématiques de terminale générale applicable en 2026-2027.;SRC_BO_2019_08_MATH_OPTIONS
ITM_MAT_TERM_G_2019_04_01_01;PRG_MAT_TERM_G_2019;ITM_MAT_TERM_G_2019_04_01;TG;1;CAPACITE;Générer une liste en extension, par ajouts successifs ou en compréhension.;Capacité attendue, reformulée fidèlement à partir du programme officiel.;SRC_BO_2019_08_MATH_OPTIONS
ITM_MAT_TERM_G_2019_04_01_02;PRG_MAT_TERM_G_2019;ITM_MAT_TERM_G_2019_04_01;TG;2;CAPACITE;Manipuler les éléments et indices d’une liste.;Capacité attendue, reformulée fidèlement à partir du programme officiel.;SRC_BO_2019_08_MATH_OPTIONS
ITM_MAT_TERM_G_2019_04_01_03;PRG_MAT_TERM_G_2019;ITM_MAT_TERM_G_2019_04_01;TG;3;CAPACITE;Parcourir une liste.;Capacité attendue, reformulée fidèlement à partir du programme officiel.;SRC_BO_2019_08_MATH_OPTIONS
ITM_MAT_TERM_G_2019_04_01_04;PRG_MAT_TERM_G_2019;ITM_MAT_TERM_G_2019_04_01;TG;4;CAPACITE;Itérer sur les éléments d’une liste.;Capacité attendue, reformulée fidèlement à partir du programme officiel.;SRC_BO_2019_08_MATH_OPTIONS
ITM_MAT_COMP_2019_01_01;PRG_MAT_COMP_2019;ITM_MAT_COMP_2019_01;TG;1.01;THEME;Fonctions et modèles continus;Sous-thème structurant du programme optionnel de terminale générale applicable en 2026-2027.;SRC_BO_2019_08_MATH_OPTIONS
ITM_MAT_COMP_2019_01_01_01;PRG_MAT_COMP_2019;ITM_MAT_COMP_2019_01_01;TG;1;CAPACITE;Modéliser une situation par une fonction et interpréter les paramètres du modèle.;Capacité attendue reformulée à partir du programme officiel.;SRC_BO_2019_08_MATH_OPTIONS
ITM_MAT_COMP_2019_01_01_02;PRG_MAT_COMP_2019;ITM_MAT_COMP_2019_01_01;TG;2;CAPACITE;Calculer une dérivée, une limite et dresser un tableau de variation.;Capacité attendue reformulée à partir du programme officiel.;SRC_BO_2019_08_MATH_OPTIONS
ITM_MAT_COMP_2019_01_01_03;PRG_MAT_COMP_2019;ITM_MAT_COMP_2019_01_01;TG;3;CAPACITE;Exploiter les fonctions exponentielle et logarithme pour résoudre une équation ou une inéquation.;Capacité attendue reformulée à partir du programme officiel.;SRC_BO_2019_08_MATH_OPTIONS
ITM_MAT_COMP_2019_01_01_04;PRG_MAT_COMP_2019;ITM_MAT_COMP_2019_01_01;TG;4;CAPACITE;Déterminer numériquement un encadrement ou une valeur approchée d’une solution.;Capacité attendue reformulée à partir du programme officiel.;SRC_BO_2019_08_MATH_OPTIONS
ITM_MAT_COMP_2019_02_01;PRG_MAT_COMP_2019;ITM_MAT_COMP_2019_02;TG;2.01;THEME;Suites et modèles discrets;Sous-thème structurant du programme optionnel de terminale générale applicable en 2026-2027.;SRC_BO_2019_08_MATH_OPTIONS
ITM_MAT_COMP_2019_02_01_01;PRG_MAT_COMP_2019;ITM_MAT_COMP_2019_02_01;TG;1;CAPACITE;Modéliser une évolution discrète par une suite explicite ou définie par récurrence.;Capacité attendue reformulée à partir du programme officiel.;SRC_BO_2019_08_MATH_OPTIONS
ITM_MAT_COMP_2019_02_01_02;PRG_MAT_COMP_2019;ITM_MAT_COMP_2019_02_01;TG;2;CAPACITE;Calculer la limite d’une suite géométrique de raison positive strictement inférieure à 1.;Capacité attendue reformulée à partir du programme officiel.;SRC_BO_2019_08_MATH_OPTIONS
ITM_MAT_COMP_2019_02_01_03;PRG_MAT_COMP_2019;ITM_MAT_COMP_2019_02_01;TG;3;CAPACITE;Calculer une somme de termes consécutifs d’une suite géométrique.;Capacité attendue reformulée à partir du programme officiel.;SRC_BO_2019_08_MATH_OPTIONS
ITM_MAT_COMP_2019_02_01_04;PRG_MAT_COMP_2019;ITM_MAT_COMP_2019_02_01;TG;4;CAPACITE;Représenter graphiquement une suite définie par récurrence et interpréter son comportement.;Capacité attendue reformulée à partir du programme officiel.;SRC_BO_2019_08_MATH_OPTIONS
ITM_MAT_COMP_2019_03_01;PRG_MAT_COMP_2019;ITM_MAT_COMP_2019_03;TG;3.01;THEME;Logarithme et changements d’échelle;Sous-thème structurant du programme optionnel de terminale générale applicable en 2026-2027.;SRC_BO_2019_08_MATH_OPTIONS
ITM_MAT_COMP_2019_03_01_01;PRG_MAT_COMP_2019;ITM_MAT_COMP_2019_03_01;TG;1;CAPACITE;Utiliser les propriétés algébriques du logarithme pour transformer une expression.;Capacité attendue reformulée à partir du programme officiel.;SRC_BO_2019_08_MATH_OPTIONS
ITM_MAT_COMP_2019_03_01_02;PRG_MAT_COMP_2019;ITM_MAT_COMP_2019_03_01;TG;2;CAPACITE;Résoudre des équations ou inéquations faisant intervenir exponentielle et logarithme.;Capacité attendue reformulée à partir du programme officiel.;SRC_BO_2019_08_MATH_OPTIONS
ITM_MAT_COMP_2019_03_01_03;PRG_MAT_COMP_2019;ITM_MAT_COMP_2019_03_01;TG;3;CAPACITE;Utiliser le logarithme pour déterminer un seuil dans un modèle d’évolution.;Capacité attendue reformulée à partir du programme officiel.;SRC_BO_2019_08_MATH_OPTIONS
ITM_MAT_COMP_2019_04_01;PRG_MAT_COMP_2019;ITM_MAT_COMP_2019_04;TG;4.01;THEME;Primitives, équations différentielles et intégration;Sous-thème structurant du programme optionnel de terminale générale applicable en 2026-2027.;SRC_BO_2019_08_MATH_OPTIONS
ITM_MAT_COMP_2019_04_01_01;PRG_MAT_COMP_2019;ITM_MAT_COMP_2019_04_01;TG;1;CAPACITE;Vérifier qu’une fonction est solution d’une équation différentielle.;Capacité attendue reformulée à partir du programme officiel.;SRC_BO_2019_08_MATH_OPTIONS
ITM_MAT_COMP_2019_04_01_02;PRG_MAT_COMP_2019;ITM_MAT_COMP_2019_04_01;TG;2;CAPACITE;Déterminer des primitives à partir des fonctions de référence et de formes usuelles.;Capacité attendue reformulée à partir du programme officiel.;SRC_BO_2019_08_MATH_OPTIONS
ITM_MAT_COMP_2019_04_01_03;PRG_MAT_COMP_2019;ITM_MAT_COMP_2019_04_01;TG;3;CAPACITE;Résoudre une équation différentielle linéaire élémentaire et prendre en compte une condition initiale.;Capacité attendue reformulée à partir du programme officiel.;SRC_BO_2019_08_MATH_OPTIONS
ITM_MAT_COMP_2019_04_01_04;PRG_MAT_COMP_2019;ITM_MAT_COMP_2019_04_01;TG;4;CAPACITE;Estimer, encadrer puis calculer une intégrale ou une valeur moyenne.;Capacité attendue reformulée à partir du programme officiel.;SRC_BO_2019_08_MATH_OPTIONS
ITM_MAT_COMP_2019_04_01_05;PRG_MAT_COMP_2019;ITM_MAT_COMP_2019_04_01;TG;5;CAPACITE;Calculer une aire sous une courbe ou entre deux courbes et interpréter une intégrale en contexte.;Capacité attendue reformulée à partir du programme officiel.;SRC_BO_2019_08_MATH_OPTIONS
ITM_MAT_COMP_2019_05_01;PRG_MAT_COMP_2019;ITM_MAT_COMP_2019_05;TG;5.01;THEME;Lois discrètes et conditionnement;Sous-thème structurant du programme optionnel de terminale générale applicable en 2026-2027.;SRC_BO_2019_08_MATH_OPTIONS
ITM_MAT_COMP_2019_05_01_01;PRG_MAT_COMP_2019;ITM_MAT_COMP_2019_05_01;TG;1;CAPACITE;Identifier une loi de Bernoulli, binomiale ou géométrique dans une situation aléatoire.;Capacité attendue reformulée à partir du programme officiel.;SRC_BO_2019_08_MATH_OPTIONS
ITM_MAT_COMP_2019_05_01_02;PRG_MAT_COMP_2019;ITM_MAT_COMP_2019_05_01;TG;2;CAPACITE;Déterminer des coefficients binomiaux avec le triangle de Pascal.;Capacité attendue reformulée à partir du programme officiel.;SRC_BO_2019_08_MATH_OPTIONS
ITM_MAT_COMP_2019_05_01_03;PRG_MAT_COMP_2019;ITM_MAT_COMP_2019_05_01;TG;3;CAPACITE;Calculer des probabilités associées aux lois binomiale et géométrique.;Capacité attendue reformulée à partir du programme officiel.;SRC_BO_2019_08_MATH_OPTIONS
ITM_MAT_COMP_2019_05_01_04;PRG_MAT_COMP_2019;ITM_MAT_COMP_2019_05_01;TG;4;CAPACITE;Utiliser l’espérance d’une loi discrète pour résoudre un problème.;Capacité attendue reformulée à partir du programme officiel.;SRC_BO_2019_08_MATH_OPTIONS
ITM_MAT_COMP_2019_05_01_05;PRG_MAT_COMP_2019;ITM_MAT_COMP_2019_05_01;TG;5;CAPACITE;Calculer des probabilités conditionnelles dans des répétitions d’expériences.;Capacité attendue reformulée à partir du programme officiel.;SRC_BO_2019_08_MATH_OPTIONS
ITM_MAT_COMP_2019_05_02;PRG_MAT_COMP_2019;ITM_MAT_COMP_2019_05;TG;5.02;THEME;Lois à densité;Sous-thème structurant du programme optionnel de terminale générale applicable en 2026-2027.;SRC_BO_2019_08_MATH_OPTIONS
ITM_MAT_COMP_2019_05_02_01;PRG_MAT_COMP_2019;ITM_MAT_COMP_2019_05_02;TG;1;CAPACITE;Reconnaître une densité de probabilité et calculer une probabilité comme une aire.;Capacité attendue reformulée à partir du programme officiel.;SRC_BO_2019_08_MATH_OPTIONS
ITM_MAT_COMP_2019_05_02_02;PRG_MAT_COMP_2019;ITM_MAT_COMP_2019_05_02;TG;2;CAPACITE;Calculer l’espérance d’une variable aléatoire à densité.;Capacité attendue reformulée à partir du programme officiel.;SRC_BO_2019_08_MATH_OPTIONS
ITM_MAT_COMP_2019_05_02_03;PRG_MAT_COMP_2019;ITM_MAT_COMP_2019_05_02;TG;3;CAPACITE;Utiliser les lois uniforme et exponentielle dans des situations de modélisation.;Capacité attendue reformulée à partir du programme officiel.;SRC_BO_2019_08_MATH_OPTIONS
ITM_MAT_COMP_2019_05_03;PRG_MAT_COMP_2019;ITM_MAT_COMP_2019_05;TG;5.03;THEME;Statistique à deux variables;Sous-thème structurant du programme optionnel de terminale générale applicable en 2026-2027.;SRC_BO_2019_08_MATH_OPTIONS
ITM_MAT_COMP_2019_05_03_01;PRG_MAT_COMP_2019;ITM_MAT_COMP_2019_05_03;TG;1;CAPACITE;Représenter un nuage de points et calculer les coordonnées du point moyen.;Capacité attendue reformulée à partir du programme officiel.;SRC_BO_2019_08_MATH_OPTIONS
ITM_MAT_COMP_2019_05_03_02;PRG_MAT_COMP_2019;ITM_MAT_COMP_2019_05_03;TG;2;CAPACITE;Déterminer une droite de régression à l’aide d’un outil numérique ou par calcul.;Capacité attendue reformulée à partir du programme officiel.;SRC_BO_2019_08_MATH_OPTIONS
ITM_MAT_COMP_2019_05_03_03;PRG_MAT_COMP_2019;ITM_MAT_COMP_2019_05_03;TG;3;CAPACITE;Utiliser un ajustement pour interpoler ou extrapoler avec esprit critique.;Capacité attendue reformulée à partir du programme officiel.;SRC_BO_2019_08_MATH_OPTIONS
ITM_MAT_COMP_2019_05_03_04;PRG_MAT_COMP_2019;ITM_MAT_COMP_2019_05_03;TG;4;CAPACITE;Distinguer corrélation statistique et relation de causalité.;Capacité attendue reformulée à partir du programme officiel.;SRC_BO_2019_08_MATH_OPTIONS
ITM_MAT_COMP_2019_06_01;PRG_MAT_COMP_2019;ITM_MAT_COMP_2019_06;TG;6.01;THEME;Algorithmique pour les modèles;Sous-thème structurant du programme optionnel de terminale générale applicable en 2026-2027.;SRC_BO_2019_08_MATH_OPTIONS
ITM_MAT_COMP_2019_06_01_01;PRG_MAT_COMP_2019;ITM_MAT_COMP_2019_06_01;TG;1;CAPACITE;Mettre en œuvre un algorithme de recherche approchée d’une solution.;Capacité attendue reformulée à partir du programme officiel.;SRC_BO_2019_08_MATH_OPTIONS
ITM_MAT_COMP_2019_06_01_02;PRG_MAT_COMP_2019;ITM_MAT_COMP_2019_06_01;TG;2;CAPACITE;Simuler une variable aléatoire discrète ou à densité avec un outil numérique.;Capacité attendue reformulée à partir du programme officiel.;SRC_BO_2019_08_MATH_OPTIONS
ITM_MAT_COMP_2019_06_01_03;PRG_MAT_COMP_2019;ITM_MAT_COMP_2019_06_01;TG;3;CAPACITE;Approcher une intégrale ou une aire par une méthode numérique.;Capacité attendue reformulée à partir du programme officiel.;SRC_BO_2019_08_MATH_OPTIONS
ITM_MAT_EXP_2019_01_01;PRG_MAT_EXP_2019;ITM_MAT_EXP_2019_01;TG;1.01;THEME;Calcul algébrique complexe;Sous-thème structurant du programme optionnel de terminale générale applicable en 2026-2027.;SRC_BO_2019_08_MATH_OPTIONS
ITM_MAT_EXP_2019_01_01_01;PRG_MAT_EXP_2019;ITM_MAT_EXP_2019_01_01;TG;1;CAPACITE;Effectuer des calculs algébriques avec des nombres complexes et utiliser la conjugaison.;Capacité attendue reformulée à partir du programme officiel.;SRC_BO_2019_08_MATH_OPTIONS
ITM_MAT_EXP_2019_01_01_02;PRG_MAT_EXP_2019;ITM_MAT_EXP_2019_01_01;TG;2;CAPACITE;Résoudre une équation linéaire dans les complexes et des équations simples faisant intervenir un conjugué.;Capacité attendue reformulée à partir du programme officiel.;SRC_BO_2019_08_MATH_OPTIONS
ITM_MAT_EXP_2019_01_02;PRG_MAT_EXP_2019;ITM_MAT_EXP_2019_01;TG;1.02;THEME;Géométrie et formes complexes;Sous-thème structurant du programme optionnel de terminale générale applicable en 2026-2027.;SRC_BO_2019_08_MATH_OPTIONS
ITM_MAT_EXP_2019_01_02_01;PRG_MAT_EXP_2019;ITM_MAT_EXP_2019_01_02;TG;1;CAPACITE;Déterminer module et arguments d’un nombre complexe et les interpréter géométriquement.;Capacité attendue reformulée à partir du programme officiel.;SRC_BO_2019_08_MATH_OPTIONS
ITM_MAT_EXP_2019_01_02_02;PRG_MAT_EXP_2019;ITM_MAT_EXP_2019_01_02;TG;2;CAPACITE;Passer entre formes algébrique, trigonométrique et exponentielle.;Capacité attendue reformulée à partir du programme officiel.;SRC_BO_2019_08_MATH_OPTIONS
ITM_MAT_EXP_2019_01_02_03;PRG_MAT_EXP_2019;ITM_MAT_EXP_2019_01_02;TG;3;CAPACITE;Utiliser les formules d’Euler et de Moivre pour transformer des expressions et calculer des puissances.;Capacité attendue reformulée à partir du programme officiel.;SRC_BO_2019_08_MATH_OPTIONS
ITM_MAT_EXP_2019_01_02_04;PRG_MAT_EXP_2019;ITM_MAT_EXP_2019_01_02;TG;4;CAPACITE;Utiliser les nombres complexes pour étudier alignement, orthogonalité, longueurs et angles dans le plan.;Capacité attendue reformulée à partir du programme officiel.;SRC_BO_2019_08_MATH_OPTIONS
ITM_MAT_EXP_2019_01_03;PRG_MAT_EXP_2019;ITM_MAT_EXP_2019_01;TG;1.03;THEME;Équations polynomiales et racines de l’unité;Sous-thème structurant du programme optionnel de terminale générale applicable en 2026-2027.;SRC_BO_2019_08_MATH_OPTIONS
ITM_MAT_EXP_2019_01_03_01;PRG_MAT_EXP_2019;ITM_MAT_EXP_2019_01_03;TG;1;CAPACITE;Résoudre une équation polynomiale du second degré à coefficients réels dans les complexes.;Capacité attendue reformulée à partir du programme officiel.;SRC_BO_2019_08_MATH_OPTIONS
ITM_MAT_EXP_2019_01_03_02;PRG_MAT_EXP_2019;ITM_MAT_EXP_2019_01_03;TG;2;CAPACITE;Factoriser un polynôme lorsqu’une racine est connue et résoudre certains polynômes de degré trois.;Capacité attendue reformulée à partir du programme officiel.;SRC_BO_2019_08_MATH_OPTIONS
ITM_MAT_EXP_2019_01_03_03;PRG_MAT_EXP_2019;ITM_MAT_EXP_2019_01_03;TG;3;CAPACITE;Déterminer et utiliser les racines n-ièmes de l’unité dans des configurations géométriques.;Capacité attendue reformulée à partir du programme officiel.;SRC_BO_2019_08_MATH_OPTIONS
ITM_MAT_EXP_2019_02_01;PRG_MAT_EXP_2019;ITM_MAT_EXP_2019_02;TG;2.01;THEME;Divisibilité, congruences et nombres premiers;Sous-thème structurant du programme optionnel de terminale générale applicable en 2026-2027.;SRC_BO_2019_08_MATH_OPTIONS
ITM_MAT_EXP_2019_02_01_01;PRG_MAT_EXP_2019;ITM_MAT_EXP_2019_02_01;TG;1;CAPACITE;Déterminer les diviseurs d’un entier et calculer un PGCD avec l’algorithme d’Euclide.;Capacité attendue reformulée à partir du programme officiel.;SRC_BO_2019_08_MATH_OPTIONS
ITM_MAT_EXP_2019_02_01_02;PRG_MAT_EXP_2019;ITM_MAT_EXP_2019_02_01;TG;2;CAPACITE;Calculer avec des congruences et résoudre une congruence linéaire.;Capacité attendue reformulée à partir du programme officiel.;SRC_BO_2019_08_MATH_OPTIONS
ITM_MAT_EXP_2019_02_01_03;PRG_MAT_EXP_2019;ITM_MAT_EXP_2019_02_01;TG;3;CAPACITE;Déterminer un inverse modulo n lorsque les conditions de coprimalité sont satisfaites.;Capacité attendue reformulée à partir du programme officiel.;SRC_BO_2019_08_MATH_OPTIONS
ITM_MAT_EXP_2019_02_01_04;PRG_MAT_EXP_2019;ITM_MAT_EXP_2019_02_01;TG;4;CAPACITE;Utiliser les théorèmes de Bézout et de Gauss dans des raisonnements arithmétiques.;Capacité attendue reformulée à partir du programme officiel.;SRC_BO_2019_08_MATH_OPTIONS
ITM_MAT_EXP_2019_02_01_05;PRG_MAT_EXP_2019;ITM_MAT_EXP_2019_02_01;TG;5;CAPACITE;Étudier la primalité et utiliser la décomposition en facteurs premiers.;Capacité attendue reformulée à partir du programme officiel.;SRC_BO_2019_08_MATH_OPTIONS
ITM_MAT_EXP_2019_02_01_06;PRG_MAT_EXP_2019;ITM_MAT_EXP_2019_02_01;TG;6;CAPACITE;Résoudre des équations diophantiennes simples et des problèmes élémentaires de chiffrement.;Capacité attendue reformulée à partir du programme officiel.;SRC_BO_2019_08_MATH_OPTIONS
ITM_MAT_EXP_2019_03_01;PRG_MAT_EXP_2019;ITM_MAT_EXP_2019_03;TG;3.01;THEME;Graphes;Sous-thème structurant du programme optionnel de terminale générale applicable en 2026-2027.;SRC_BO_2019_08_MATH_OPTIONS
ITM_MAT_EXP_2019_03_01_01;PRG_MAT_EXP_2019;ITM_MAT_EXP_2019_03_01;TG;1;CAPACITE;Modéliser une situation à l’aide d’un graphe et exploiter degrés, chaînes, cycles et connexité.;Capacité attendue reformulée à partir du programme officiel.;SRC_BO_2019_08_MATH_OPTIONS
ITM_MAT_EXP_2019_03_01_02;PRG_MAT_EXP_2019;ITM_MAT_EXP_2019_03_01;TG;2;CAPACITE;Utiliser une matrice d’adjacence pour représenter un graphe et compter des chemins.;Capacité attendue reformulée à partir du programme officiel.;SRC_BO_2019_08_MATH_OPTIONS
ITM_MAT_EXP_2019_03_01_03;PRG_MAT_EXP_2019;ITM_MAT_EXP_2019_03_01;TG;3;CAPACITE;Résoudre des problèmes de parcours, de coloration ou d’optimisation sur des graphes simples.;Capacité attendue reformulée à partir du programme officiel.;SRC_BO_2019_08_MATH_OPTIONS
ITM_MAT_EXP_2019_03_02;PRG_MAT_EXP_2019;ITM_MAT_EXP_2019_03;TG;3.02;THEME;Matrices et systèmes;Sous-thème structurant du programme optionnel de terminale générale applicable en 2026-2027.;SRC_BO_2019_08_MATH_OPTIONS
ITM_MAT_EXP_2019_03_02_01;PRG_MAT_EXP_2019;ITM_MAT_EXP_2019_03_02;TG;1;CAPACITE;Effectuer des opérations sur des matrices et calculer des puissances simples.;Capacité attendue reformulée à partir du programme officiel.;SRC_BO_2019_08_MATH_OPTIONS
ITM_MAT_EXP_2019_03_02_02;PRG_MAT_EXP_2019;ITM_MAT_EXP_2019_03_02;TG;2;CAPACITE;Traduire un système linéaire ou une évolution discrète sous forme matricielle.;Capacité attendue reformulée à partir du programme officiel.;SRC_BO_2019_08_MATH_OPTIONS
ITM_MAT_EXP_2019_03_02_03;PRG_MAT_EXP_2019;ITM_MAT_EXP_2019_03_02;TG;3;CAPACITE;Résoudre un système linéaire par des opérations élémentaires ou à l’aide d’une matrice inverse lorsque cela est possible.;Capacité attendue reformulée à partir du programme officiel.;SRC_BO_2019_08_MATH_OPTIONS
ITM_MAT_EXP_2019_03_02_04;PRG_MAT_EXP_2019;ITM_MAT_EXP_2019_03_02;TG;4;CAPACITE;Étudier une suite de vecteurs définie par une relation matricielle dans un problème de modélisation.;Capacité attendue reformulée à partir du programme officiel.;SRC_BO_2019_08_MATH_OPTIONS
ITM_FRA_6E_00;PRG_FRA_C3_2025;;6E;1;DOMAINE;Repères essentiels de sixième;Sélection structurante pour la synthèse du niveau.;SRC_BO_2025_16_FR_C3
ITM_FRA_6E_01;PRG_FRA_C3_2025;ITM_FRA_6E_00;6E;1;THEME;Lecture et compréhension;Grand thème étudié en sixième.;SRC_BO_2025_16_FR_C3
ITM_FRA_6E_01_C01;PRG_FRA_C3_2025;ITM_FRA_6E_01;6E;1;CAPACITE;Lire avec fluidité et comprendre des textes, documents et images.;Capacité représentative, sélectionnée pour une vue synthétique du programme.;SRC_BO_2025_16_FR_C3
ITM_FRA_6E_02;PRG_FRA_C3_2025;ITM_FRA_6E_00;6E;2;THEME;Culture littéraire et artistique;Grand thème étudié en sixième.;SRC_BO_2025_16_FR_C3
ITM_FRA_6E_02_C01;PRG_FRA_C3_2025;ITM_FRA_6E_02;6E;1;CAPACITE;Lire des œuvres et construire des repères littéraires et artistiques.;Capacité représentative, sélectionnée pour une vue synthétique du programme.;SRC_BO_2025_16_FR_C3
ITM_FRA_6E_03;PRG_FRA_C3_2025;ITM_FRA_6E_00;6E;3;THEME;Écriture;Grand thème étudié en sixième.;SRC_BO_2025_16_FR_C3
ITM_FRA_6E_03_C01;PRG_FRA_C3_2025;ITM_FRA_6E_03;6E;1;CAPACITE;Produire, réviser et améliorer des écrits variés.;Capacité représentative, sélectionnée pour une vue synthétique du programme.;SRC_BO_2025_16_FR_C3
ITM_FRA_6E_04;PRG_FRA_C3_2025;ITM_FRA_6E_00;6E;4;THEME;Oral;Grand thème étudié en sixième.;SRC_BO_2025_16_FR_C3
ITM_FRA_6E_04_C01;PRG_FRA_C3_2025;ITM_FRA_6E_04;6E;1;CAPACITE;Écouter, prendre la parole et participer à des échanges.;Capacité représentative, sélectionnée pour une vue synthétique du programme.;SRC_BO_2025_16_FR_C3
ITM_FRA_6E_05;PRG_FRA_C3_2025;ITM_FRA_6E_00;6E;5;THEME;Vocabulaire;Grand thème étudié en sixième.;SRC_BO_2025_16_FR_C3
ITM_FRA_6E_05_C01;PRG_FRA_C3_2025;ITM_FRA_6E_05;6E;1;CAPACITE;Enrichir le lexique et comprendre la formation et le sens des mots.;Capacité représentative, sélectionnée pour une vue synthétique du programme.;SRC_BO_2025_16_FR_C3
ITM_FRA_6E_06;PRG_FRA_C3_2025;ITM_FRA_6E_00;6E;6;THEME;Grammaire et orthographe;Grand thème étudié en sixième.;SRC_BO_2025_16_FR_C3
ITM_FRA_6E_06_C01;PRG_FRA_C3_2025;ITM_FRA_6E_06;6E;1;CAPACITE;Identifier les constituants de la phrase et maîtriser les accords essentiels.;Capacité représentative, sélectionnée pour une vue synthétique du programme.;SRC_BO_2025_16_FR_C3
ITM_HG_6E_00;PRG_HG_C3_2020;;6E;1;DOMAINE;Repères essentiels de sixième;Sélection structurante pour la synthèse du niveau.;SRC_BO_2020_31_MENE2018714A
ITM_HG_6E_01;PRG_HG_C3_2020;ITM_HG_6E_00;6E;1;THEME;La longue histoire de l’humanité et des migrations;Grand thème étudié en sixième.;SRC_BO_2020_31_MENE2018714A
ITM_HG_6E_01_C01;PRG_HG_C3_2020;ITM_HG_6E_01;6E;1;CAPACITE;Situer les premières sociétés humaines et les grandes migrations dans le temps et l’espace.;Capacité représentative, sélectionnée pour une vue synthétique du programme.;SRC_BO_2020_31_MENE2018714A
ITM_HG_6E_02;PRG_HG_C3_2020;ITM_HG_6E_00;6E;2;THEME;Récits fondateurs, croyances et citoyenneté dans la Méditerranée antique;Grand thème étudié en sixième.;SRC_BO_2020_31_MENE2018714A
ITM_HG_6E_02_C01;PRG_HG_C3_2020;ITM_HG_6E_02;6E;1;CAPACITE;Identifier des repères sur les mondes grec, romain et les récits fondateurs.;Capacité représentative, sélectionnée pour une vue synthétique du programme.;SRC_BO_2020_31_MENE2018714A
ITM_HG_6E_03;PRG_HG_C3_2020;ITM_HG_6E_00;6E;3;THEME;L’empire romain dans le monde antique;Grand thème étudié en sixième.;SRC_BO_2020_31_MENE2018714A
ITM_HG_6E_03_C01;PRG_HG_C3_2020;ITM_HG_6E_03;6E;1;CAPACITE;Caractériser l’Empire romain, ses territoires et ses héritages.;Capacité représentative, sélectionnée pour une vue synthétique du programme.;SRC_BO_2020_31_MENE2018714A
ITM_HG_6E_04;PRG_HG_C3_2020;ITM_HG_6E_00;6E;4;THEME;Habiter une métropole;Grand thème étudié en sixième.;SRC_BO_2020_31_MENE2018714A
ITM_HG_6E_04_C01;PRG_HG_C3_2020;ITM_HG_6E_04;6E;1;CAPACITE;Décrire les manières d’habiter et les paysages d’une métropole.;Capacité représentative, sélectionnée pour une vue synthétique du programme.;SRC_BO_2020_31_MENE2018714A
ITM_HG_6E_05;PRG_HG_C3_2020;ITM_HG_6E_00;6E;5;THEME;Habiter un espace de faible densité;Grand thème étudié en sixième.;SRC_BO_2020_31_MENE2018714A
ITM_HG_6E_05_C01;PRG_HG_C3_2020;ITM_HG_6E_05;6E;1;CAPACITE;Comparer différentes formes d’habiter les espaces de faible densité.;Capacité représentative, sélectionnée pour une vue synthétique du programme.;SRC_BO_2020_31_MENE2018714A
ITM_HG_6E_06;PRG_HG_C3_2020;ITM_HG_6E_00;6E;6;THEME;Habiter les littoraux;Grand thème étudié en sixième.;SRC_BO_2020_31_MENE2018714A
ITM_HG_6E_06_C01;PRG_HG_C3_2020;ITM_HG_6E_06;6E;1;CAPACITE;Identifier les usages, aménagements et contraintes des espaces littoraux.;Capacité représentative, sélectionnée pour une vue synthétique du programme.;SRC_BO_2020_31_MENE2018714A
ITM_HG_6E_07;PRG_HG_C3_2020;ITM_HG_6E_00;6E;7;THEME;Le monde habité;Grand thème étudié en sixième.;SRC_BO_2020_31_MENE2018714A
ITM_HG_6E_07_C01;PRG_HG_C3_2020;ITM_HG_6E_07;6E;1;CAPACITE;Décrire les grands foyers de population et les espaces faiblement peuplés.;Capacité représentative, sélectionnée pour une vue synthétique du programme.;SRC_BO_2020_31_MENE2018714A
ITM_SCI_6E_00;PRG_SCI_C3_2023;;6E;1;DOMAINE;Repères essentiels de sixième;Sélection structurante pour la synthèse du niveau.;SRC_BO_2023_25_MENE2314101A
ITM_SCI_6E_01;PRG_SCI_C3_2023;ITM_SCI_6E_00;6E;1;THEME;Matière, mouvement, énergie, information;Grand thème étudié en sixième.;SRC_BO_2023_25_MENE2314101A
ITM_SCI_6E_01_C01;PRG_SCI_C3_2023;ITM_SCI_6E_01;6E;1;CAPACITE;Décrire des états et transformations de la matière ainsi que des formes d’énergie.;Capacité représentative, sélectionnée pour une vue synthétique du programme.;SRC_BO_2023_25_MENE2314101A
ITM_SCI_6E_02;PRG_SCI_C3_2023;ITM_SCI_6E_00;6E;2;THEME;Le vivant, sa diversité et les fonctions qui le caractérisent;Grand thème étudié en sixième.;SRC_BO_2023_25_MENE2314101A
ITM_SCI_6E_02_C01;PRG_SCI_C3_2023;ITM_SCI_6E_02;6E;1;CAPACITE;Identifier des caractéristiques du vivant, de sa diversité et de son fonctionnement.;Capacité représentative, sélectionnée pour une vue synthétique du programme.;SRC_BO_2023_25_MENE2314101A
ITM_SCI_6E_03;PRG_SCI_C3_2023;ITM_SCI_6E_00;6E;3;THEME;Les objets techniques au cœur de la société;Grand thème étudié en sixième.;SRC_BO_2023_25_MENE2314101A
ITM_SCI_6E_03_C01;PRG_SCI_C3_2023;ITM_SCI_6E_03;6E;1;CAPACITE;Décrire le besoin, le fonctionnement et l’évolution d’objets techniques.;Capacité représentative, sélectionnée pour une vue synthétique du programme.;SRC_BO_2023_25_MENE2314101A
ITM_SCI_6E_04;PRG_SCI_C3_2023;ITM_SCI_6E_00;6E;4;THEME;La Terre, une planète peuplée par des êtres vivants;Grand thème étudié en sixième.;SRC_BO_2023_25_MENE2314101A
ITM_SCI_6E_04_C01;PRG_SCI_C3_2023;ITM_SCI_6E_04;6E;1;CAPACITE;Relier phénomènes terrestres, environnement et conditions de vie.;Capacité représentative, sélectionnée pour une vue synthétique du programme.;SRC_BO_2023_25_MENE2314101A
ITM_LVE_6E_00;PRG_LVE_COLLEGE_2025;;6E;1;DOMAINE;Repères essentiels de sixième;Sélection structurante pour la synthèse du niveau.;SRC_BO_2025_22_MENE2504621A
ITM_LVE_6E_01;PRG_LVE_COLLEGE_2025;ITM_LVE_6E_00;6E;1;THEME;Repères culturels;Grand thème étudié en sixième.;SRC_BO_2025_22_MENE2504621A
ITM_LVE_6E_01_C01;PRG_LVE_COLLEGE_2025;ITM_LVE_6E_01;6E;1;CAPACITE;Découvrir des personnes, modes de vie, lieux, récits et formes artistiques des aires linguistiques étudiées.;Capacité représentative, sélectionnée pour une vue synthétique du programme.;SRC_BO_2025_22_MENE2504621A
ITM_LVE_6E_02;PRG_LVE_COLLEGE_2025;ITM_LVE_6E_00;6E;2;THEME;Compréhension;Grand thème étudié en sixième.;SRC_BO_2025_22_MENE2504621A
ITM_LVE_6E_02_C01;PRG_LVE_COLLEGE_2025;ITM_LVE_6E_02;6E;1;CAPACITE;Comprendre des messages oraux et écrits simples adaptés au niveau visé.;Capacité représentative, sélectionnée pour une vue synthétique du programme.;SRC_BO_2025_22_MENE2504621A
ITM_LVE_6E_03;PRG_LVE_COLLEGE_2025;ITM_LVE_6E_00;6E;3;THEME;Expression et interaction;Grand thème étudié en sixième.;SRC_BO_2025_22_MENE2504621A
ITM_LVE_6E_03_C01;PRG_LVE_COLLEGE_2025;ITM_LVE_6E_03;6E;1;CAPACITE;S’exprimer et interagir de façon simple à l’oral et à l’écrit.;Capacité représentative, sélectionnée pour une vue synthétique du programme.;SRC_BO_2025_22_MENE2504621A
ITM_LVE_6E_04;PRG_LVE_COLLEGE_2025;ITM_LVE_6E_00;6E;4;THEME;Outils linguistiques;Grand thème étudié en sixième.;SRC_BO_2025_22_MENE2504621A
ITM_LVE_6E_04_C01;PRG_LVE_COLLEGE_2025;ITM_LVE_6E_04;6E;1;CAPACITE;Mobiliser lexique, phonologie et structures grammaticales de base.;Capacité représentative, sélectionnée pour une vue synthétique du programme.;SRC_BO_2025_22_MENE2504621A
ITM_EMC_6E_00;PRG_EMC_2024;;6E;1;DOMAINE;Repères essentiels de sixième;Sélection structurante pour la synthèse du niveau.;SRC_BO_2024_24_EMC
ITM_EMC_6E_01;PRG_EMC_2024;ITM_EMC_6E_00;6E;1;THEME;Représenter les autres et servir l’intérêt général;Grand thème étudié en sixième.;SRC_BO_2024_24_EMC
ITM_EMC_6E_01_C01;PRG_EMC_2024;ITM_EMC_6E_01;6E;1;CAPACITE;Comprendre la représentation, la responsabilité et la recherche de l’intérêt général.;Capacité représentative, sélectionnée pour une vue synthétique du programme.;SRC_BO_2024_24_EMC
ITM_EMC_6E_02;PRG_EMC_2024;ITM_EMC_6E_00;6E;2;THEME;La laïcité à l’École;Grand thème étudié en sixième.;SRC_BO_2024_24_EMC
ITM_EMC_6E_02_C01;PRG_EMC_2024;ITM_EMC_6E_02;6E;1;CAPACITE;Comprendre la finalité des règles et le principe de laïcité à l’École.;Capacité représentative, sélectionnée pour une vue synthétique du programme.;SRC_BO_2024_24_EMC
ITM_EMC_6E_03;PRG_EMC_2024;ITM_EMC_6E_00;6E;3;THEME;Droits de la personne et vie privée;Grand thème étudié en sixième.;SRC_BO_2024_24_EMC
ITM_EMC_6E_03_C01;PRG_EMC_2024;ITM_EMC_6E_03;6E;1;CAPACITE;Identifier des droits de la personne et respecter la vie privée d’autrui.;Capacité représentative, sélectionnée pour une vue synthétique du programme.;SRC_BO_2024_24_EMC
ITM_EPS_6E_00;PRG_EPS_C3_2020;;6E;1;DOMAINE;Repères essentiels de sixième;Sélection structurante pour la synthèse du niveau.;SRC_BO_2020_31_MENE2018714A
ITM_EPS_6E_01;PRG_EPS_C3_2020;ITM_EPS_6E_00;6E;1;THEME;Produire une performance optimale, mesurable;Grand thème étudié en sixième.;SRC_BO_2020_31_MENE2018714A
ITM_EPS_6E_01_C01;PRG_EPS_C3_2020;ITM_EPS_6E_01;6E;1;CAPACITE;S’engager pour produire une performance mesurable et connaître ses résultats.;Capacité représentative, sélectionnée pour une vue synthétique du programme.;SRC_BO_2020_31_MENE2018714A
ITM_EPS_6E_02;PRG_EPS_C3_2020;ITM_EPS_6E_00;6E;2;THEME;Adapter ses déplacements à des environnements variés;Grand thème étudié en sixième.;SRC_BO_2020_31_MENE2018714A
ITM_EPS_6E_02_C01;PRG_EPS_C3_2020;ITM_EPS_6E_02;6E;1;CAPACITE;Choisir et conduire un déplacement adapté à un environnement.;Capacité représentative, sélectionnée pour une vue synthétique du programme.;SRC_BO_2020_31_MENE2018714A
ITM_EPS_6E_03;PRG_EPS_C3_2020;ITM_EPS_6E_00;6E;3;THEME;S’exprimer devant les autres par une prestation artistique ou acrobatique;Grand thème étudié en sixième.;SRC_BO_2020_31_MENE2018714A
ITM_EPS_6E_03_C01;PRG_EPS_C3_2020;ITM_EPS_6E_03;6E;1;CAPACITE;Construire et présenter une prestation à visée artistique ou acrobatique.;Capacité représentative, sélectionnée pour une vue synthétique du programme.;SRC_BO_2020_31_MENE2018714A
ITM_EPS_6E_04;PRG_EPS_C3_2020;ITM_EPS_6E_00;6E;4;THEME;Conduire et maîtriser un affrontement collectif ou interindividuel;Grand thème étudié en sixième.;SRC_BO_2020_31_MENE2018714A
ITM_EPS_6E_04_C01;PRG_EPS_C3_2020;ITM_EPS_6E_04;6E;1;CAPACITE;S’organiser pour affronter un adversaire en respectant règles et partenaires.;Capacité représentative, sélectionnée pour une vue synthétique du programme.;SRC_BO_2020_31_MENE2018714A
ITM_ARTS_6E_00;PRG_ARTS_C3_2020;;6E;1;DOMAINE;Repères essentiels de sixième;Sélection structurante pour la synthèse du niveau.;SRC_BO_2020_31_MENE2018714A
ITM_ARTS_6E_01;PRG_ARTS_C3_2020;ITM_ARTS_6E_00;6E;1;THEME;La représentation plastique et les dispositifs de présentation;Grand thème étudié en sixième.;SRC_BO_2020_31_MENE2018714A
ITM_ARTS_6E_01_C01;PRG_ARTS_C3_2020;ITM_ARTS_6E_01;6E;1;CAPACITE;Expérimenter des modes de représentation et de présentation des productions.;Capacité représentative, sélectionnée pour une vue synthétique du programme.;SRC_BO_2020_31_MENE2018714A
ITM_ARTS_6E_02;PRG_ARTS_C3_2020;ITM_ARTS_6E_00;6E;2;THEME;Les fabrications et la relation entre l’objet et l’espace;Grand thème étudié en sixième.;SRC_BO_2020_31_MENE2018714A
ITM_ARTS_6E_02_C01;PRG_ARTS_C3_2020;ITM_ARTS_6E_02;6E;1;CAPACITE;Concevoir des fabrications en interrogeant formes, matériaux, objets et espace.;Capacité représentative, sélectionnée pour une vue synthétique du programme.;SRC_BO_2020_31_MENE2018714A
ITM_ARTS_6E_03;PRG_ARTS_C3_2020;ITM_ARTS_6E_00;6E;3;THEME;La matérialité de la production plastique et la sensibilité aux constituants de l’œuvre;Grand thème étudié en sixième.;SRC_BO_2020_31_MENE2018714A
ITM_ARTS_6E_03_C01;PRG_ARTS_C3_2020;ITM_ARTS_6E_03;6E;1;CAPACITE;Explorer matières, couleurs, gestes et effets sensibles d’une production plastique.;Capacité représentative, sélectionnée pour une vue synthétique du programme.;SRC_BO_2020_31_MENE2018714A
ITM_MUS_6E_00;PRG_MUS_C3_2020;;6E;1;DOMAINE;Repères essentiels de sixième;Sélection structurante pour la synthèse du niveau.;SRC_BO_2020_31_MENE2018714A
ITM_MUS_6E_01;PRG_MUS_C3_2020;ITM_MUS_6E_00;6E;1;THEME;Chanter et interpréter;Grand thème étudié en sixième.;SRC_BO_2020_31_MENE2018714A
ITM_MUS_6E_01_C01;PRG_MUS_C3_2020;ITM_MUS_6E_01;6E;1;CAPACITE;Interpréter un répertoire en mobilisant écoute, voix et expression.;Capacité représentative, sélectionnée pour une vue synthétique du programme.;SRC_BO_2020_31_MENE2018714A
ITM_MUS_6E_02;PRG_MUS_C3_2020;ITM_MUS_6E_00;6E;2;THEME;Écouter, comparer et commenter;Grand thème étudié en sixième.;SRC_BO_2020_31_MENE2018714A
ITM_MUS_6E_02_C01;PRG_MUS_C3_2020;ITM_MUS_6E_02;6E;1;CAPACITE;Décrire, comparer et commenter des organisations et œuvres musicales.;Capacité représentative, sélectionnée pour une vue synthétique du programme.;SRC_BO_2020_31_MENE2018714A
ITM_MUS_6E_03;PRG_MUS_C3_2020;ITM_MUS_6E_00;6E;3;THEME;Explorer, imaginer et créer;Grand thème étudié en sixième.;SRC_BO_2020_31_MENE2018714A
ITM_MUS_6E_03_C01;PRG_MUS_C3_2020;ITM_MUS_6E_03;6E;1;CAPACITE;Imaginer et organiser des sons dans une démarche de création.;Capacité représentative, sélectionnée pour une vue synthétique du programme.;SRC_BO_2020_31_MENE2018714A
ITM_MUS_6E_04;PRG_MUS_C3_2020;ITM_MUS_6E_00;6E;4;THEME;Échanger, partager et argumenter;Grand thème étudié en sixième.;SRC_BO_2020_31_MENE2018714A
ITM_MUS_6E_04_C01;PRG_MUS_C3_2020;ITM_MUS_6E_04;6E;1;CAPACITE;Exprimer et justifier une appréciation en utilisant un vocabulaire adapté.;Capacité représentative, sélectionnée pour une vue synthétique du programme.;SRC_BO_2020_31_MENE2018714A
ITM_FRA_5E_00;PRG_FRA_C4_2026;;5E;1;DOMAINE;Repères essentiels de 5e;Sélection structurante pour la synthèse du niveau.;SRC_BO_2026_10_MENE2602912A
ITM_FRA_5E_01;PRG_FRA_C4_2026;ITM_FRA_5E_00;5E;1;THEME;Lecture et compréhension;Grand thème étudié en 5e.;SRC_BO_2026_10_MENE2602912A
ITM_FRA_5E_01_C01;PRG_FRA_C4_2026;ITM_FRA_5E_01;5E;1;CAPACITE;Lire, interpréter et confronter des textes et documents variés.;Capacité représentative, sélectionnée pour une vue synthétique du programme.;SRC_BO_2026_10_MENE2602912A
ITM_FRA_5E_02;PRG_FRA_C4_2026;ITM_FRA_5E_00;5E;2;THEME;Culture littéraire et artistique;Grand thème étudié en 5e.;SRC_BO_2026_10_MENE2602912A
ITM_FRA_5E_02_C01;PRG_FRA_C4_2026;ITM_FRA_5E_02;5E;1;CAPACITE;Construire des repères littéraires et artistiques et lire des œuvres intégrales.;Capacité représentative, sélectionnée pour une vue synthétique du programme.;SRC_BO_2026_10_MENE2602912A
ITM_FRA_5E_03;PRG_FRA_C4_2026;ITM_FRA_5E_00;5E;3;THEME;Écriture;Grand thème étudié en 5e.;SRC_BO_2026_10_MENE2602912A
ITM_FRA_5E_03_C01;PRG_FRA_C4_2026;ITM_FRA_5E_03;5E;1;CAPACITE;Produire et réviser des écrits variés en adaptant le texte à son destinataire.;Capacité représentative, sélectionnée pour une vue synthétique du programme.;SRC_BO_2026_10_MENE2602912A
ITM_FRA_5E_04;PRG_FRA_C4_2026;ITM_FRA_5E_00;5E;4;THEME;Oral;Grand thème étudié en 5e.;SRC_BO_2026_10_MENE2602912A
ITM_FRA_5E_04_C01;PRG_FRA_C4_2026;ITM_FRA_5E_04;5E;1;CAPACITE;Prendre la parole, écouter et argumenter dans des situations variées.;Capacité représentative, sélectionnée pour une vue synthétique du programme.;SRC_BO_2026_10_MENE2602912A
ITM_FRA_5E_05;PRG_FRA_C4_2026;ITM_FRA_5E_00;5E;5;THEME;Vocabulaire;Grand thème étudié en 5e.;SRC_BO_2026_10_MENE2602912A
ITM_FRA_5E_05_C01;PRG_FRA_C4_2026;ITM_FRA_5E_05;5E;1;CAPACITE;Enrichir le lexique et comprendre les relations entre les mots.;Capacité représentative, sélectionnée pour une vue synthétique du programme.;SRC_BO_2026_10_MENE2602912A
ITM_FRA_5E_06;PRG_FRA_C4_2026;ITM_FRA_5E_00;5E;6;THEME;Grammaire et orthographe;Grand thème étudié en 5e.;SRC_BO_2026_10_MENE2602912A
ITM_FRA_5E_06_C01;PRG_FRA_C4_2026;ITM_FRA_5E_06;5E;1;CAPACITE;Analyser la phrase et consolider les accords et l’orthographe.;Capacité représentative, sélectionnée pour une vue synthétique du programme.;SRC_BO_2026_10_MENE2602912A
ITM_FRA_4E_00;PRG_FRA_C4_2020;;4E;1;DOMAINE;Repères essentiels de 4e;Sélection structurante pour la synthèse du niveau.;SRC_BO_2020_31_C4_PROGRAMMES
ITM_FRA_4E_01;PRG_FRA_C4_2020;ITM_FRA_4E_00;4E;1;THEME;Lecture et compréhension;Grand thème étudié en 4e.;SRC_BO_2020_31_C4_PROGRAMMES
ITM_FRA_4E_01_C01;PRG_FRA_C4_2020;ITM_FRA_4E_01;4E;1;CAPACITE;Lire, interpréter et confronter des textes et documents variés.;Capacité représentative, sélectionnée pour une vue synthétique du programme.;SRC_BO_2020_31_C4_PROGRAMMES
ITM_FRA_4E_02;PRG_FRA_C4_2020;ITM_FRA_4E_00;4E;2;THEME;Culture littéraire et artistique;Grand thème étudié en 4e.;SRC_BO_2020_31_C4_PROGRAMMES
ITM_FRA_4E_02_C01;PRG_FRA_C4_2020;ITM_FRA_4E_02;4E;1;CAPACITE;Construire des repères littéraires et artistiques et lire des œuvres intégrales.;Capacité représentative, sélectionnée pour une vue synthétique du programme.;SRC_BO_2020_31_C4_PROGRAMMES
ITM_FRA_4E_03;PRG_FRA_C4_2020;ITM_FRA_4E_00;4E;3;THEME;Écriture;Grand thème étudié en 4e.;SRC_BO_2020_31_C4_PROGRAMMES
ITM_FRA_4E_03_C01;PRG_FRA_C4_2020;ITM_FRA_4E_03;4E;1;CAPACITE;Produire et réviser des écrits variés en adaptant le texte à son destinataire.;Capacité représentative, sélectionnée pour une vue synthétique du programme.;SRC_BO_2020_31_C4_PROGRAMMES
ITM_FRA_4E_04;PRG_FRA_C4_2020;ITM_FRA_4E_00;4E;4;THEME;Oral;Grand thème étudié en 4e.;SRC_BO_2020_31_C4_PROGRAMMES
ITM_FRA_4E_04_C01;PRG_FRA_C4_2020;ITM_FRA_4E_04;4E;1;CAPACITE;Prendre la parole, écouter et argumenter dans des situations variées.;Capacité représentative, sélectionnée pour une vue synthétique du programme.;SRC_BO_2020_31_C4_PROGRAMMES
ITM_FRA_4E_05;PRG_FRA_C4_2020;ITM_FRA_4E_00;4E;5;THEME;Vocabulaire;Grand thème étudié en 4e.;SRC_BO_2020_31_C4_PROGRAMMES
ITM_FRA_4E_05_C01;PRG_FRA_C4_2020;ITM_FRA_4E_05;4E;1;CAPACITE;Enrichir le lexique et comprendre les relations entre les mots.;Capacité représentative, sélectionnée pour une vue synthétique du programme.;SRC_BO_2020_31_C4_PROGRAMMES
ITM_FRA_4E_06;PRG_FRA_C4_2020;ITM_FRA_4E_00;4E;6;THEME;Grammaire et orthographe;Grand thème étudié en 4e.;SRC_BO_2020_31_C4_PROGRAMMES
ITM_FRA_4E_06_C01;PRG_FRA_C4_2020;ITM_FRA_4E_06;4E;1;CAPACITE;Analyser la phrase et consolider les accords et l’orthographe.;Capacité représentative, sélectionnée pour une vue synthétique du programme.;SRC_BO_2020_31_C4_PROGRAMMES
ITM_FRA_3E_00;PRG_FRA_C4_2020;;3E;1;DOMAINE;Repères essentiels de 3e;Sélection structurante pour la synthèse du niveau.;SRC_BO_2020_31_C4_PROGRAMMES
ITM_FRA_3E_01;PRG_FRA_C4_2020;ITM_FRA_3E_00;3E;1;THEME;Lecture et compréhension;Grand thème étudié en 3e.;SRC_BO_2020_31_C4_PROGRAMMES
ITM_FRA_3E_01_C01;PRG_FRA_C4_2020;ITM_FRA_3E_01;3E;1;CAPACITE;Lire, interpréter et confronter des textes et documents variés.;Capacité représentative, sélectionnée pour une vue synthétique du programme.;SRC_BO_2020_31_C4_PROGRAMMES
ITM_FRA_3E_02;PRG_FRA_C4_2020;ITM_FRA_3E_00;3E;2;THEME;Culture littéraire et artistique;Grand thème étudié en 3e.;SRC_BO_2020_31_C4_PROGRAMMES
ITM_FRA_3E_02_C01;PRG_FRA_C4_2020;ITM_FRA_3E_02;3E;1;CAPACITE;Construire des repères littéraires et artistiques et lire des œuvres intégrales.;Capacité représentative, sélectionnée pour une vue synthétique du programme.;SRC_BO_2020_31_C4_PROGRAMMES
ITM_FRA_3E_03;PRG_FRA_C4_2020;ITM_FRA_3E_00;3E;3;THEME;Écriture;Grand thème étudié en 3e.;SRC_BO_2020_31_C4_PROGRAMMES
ITM_FRA_3E_03_C01;PRG_FRA_C4_2020;ITM_FRA_3E_03;3E;1;CAPACITE;Produire et réviser des écrits variés en adaptant le texte à son destinataire.;Capacité représentative, sélectionnée pour une vue synthétique du programme.;SRC_BO_2020_31_C4_PROGRAMMES
ITM_FRA_3E_04;PRG_FRA_C4_2020;ITM_FRA_3E_00;3E;4;THEME;Oral;Grand thème étudié en 3e.;SRC_BO_2020_31_C4_PROGRAMMES
ITM_FRA_3E_04_C01;PRG_FRA_C4_2020;ITM_FRA_3E_04;3E;1;CAPACITE;Prendre la parole, écouter et argumenter dans des situations variées.;Capacité représentative, sélectionnée pour une vue synthétique du programme.;SRC_BO_2020_31_C4_PROGRAMMES
ITM_FRA_3E_05;PRG_FRA_C4_2020;ITM_FRA_3E_00;3E;5;THEME;Vocabulaire;Grand thème étudié en 3e.;SRC_BO_2020_31_C4_PROGRAMMES
ITM_FRA_3E_05_C01;PRG_FRA_C4_2020;ITM_FRA_3E_05;3E;1;CAPACITE;Enrichir le lexique et comprendre les relations entre les mots.;Capacité représentative, sélectionnée pour une vue synthétique du programme.;SRC_BO_2020_31_C4_PROGRAMMES
ITM_FRA_3E_06;PRG_FRA_C4_2020;ITM_FRA_3E_00;3E;6;THEME;Grammaire et orthographe;Grand thème étudié en 3e.;SRC_BO_2020_31_C4_PROGRAMMES
ITM_FRA_3E_06_C01;PRG_FRA_C4_2020;ITM_FRA_3E_06;3E;1;CAPACITE;Analyser la phrase et consolider les accords et l’orthographe.;Capacité représentative, sélectionnée pour une vue synthétique du programme.;SRC_BO_2020_31_C4_PROGRAMMES
ITM_MATOLD_4E_00;PRG_MAT_C4_2020;;4E;1;DOMAINE;Repères essentiels de 4e;Sélection structurante pour la synthèse du niveau.;SRC_BO_2020_31_C4_PROGRAMMES
ITM_MATOLD_4E_01;PRG_MAT_C4_2020;ITM_MATOLD_4E_00;4E;1;THEME;Nombres et calculs;Grand thème étudié en 4e.;SRC_BO_2020_31_C4_PROGRAMMES
ITM_MATOLD_4E_01_C01;PRG_MAT_C4_2020;ITM_MATOLD_4E_01;4E;1;CAPACITE;Mobiliser les nombres rationnels et les techniques de calcul adaptées.;Capacité représentative, sélectionnée pour une vue synthétique du programme.;SRC_BO_2020_31_C4_PROGRAMMES
ITM_MATOLD_4E_02;PRG_MAT_C4_2020;ITM_MATOLD_4E_00;4E;2;THEME;Organisation et gestion de données, fonctions;Grand thème étudié en 4e.;SRC_BO_2020_31_C4_PROGRAMMES
ITM_MATOLD_4E_02_C01;PRG_MAT_C4_2020;ITM_MATOLD_4E_02;4E;1;CAPACITE;Lire, organiser et modéliser des données ou des relations fonctionnelles.;Capacité représentative, sélectionnée pour une vue synthétique du programme.;SRC_BO_2020_31_C4_PROGRAMMES
ITM_MATOLD_4E_03;PRG_MAT_C4_2020;ITM_MATOLD_4E_00;4E;3;THEME;Grandeurs et mesures;Grand thème étudié en 4e.;SRC_BO_2020_31_C4_PROGRAMMES
ITM_MATOLD_4E_03_C01;PRG_MAT_C4_2020;ITM_MATOLD_4E_03;4E;1;CAPACITE;Calculer et raisonner sur des grandeurs et des mesures.;Capacité représentative, sélectionnée pour une vue synthétique du programme.;SRC_BO_2020_31_C4_PROGRAMMES
ITM_MATOLD_4E_04;PRG_MAT_C4_2020;ITM_MATOLD_4E_00;4E;4;THEME;Espace et géométrie;Grand thème étudié en 4e.;SRC_BO_2020_31_C4_PROGRAMMES
ITM_MATOLD_4E_04_C01;PRG_MAT_C4_2020;ITM_MATOLD_4E_04;4E;1;CAPACITE;Utiliser les propriétés géométriques pour représenter, raisonner et démontrer.;Capacité représentative, sélectionnée pour une vue synthétique du programme.;SRC_BO_2020_31_C4_PROGRAMMES
ITM_MATOLD_4E_05;PRG_MAT_C4_2020;ITM_MATOLD_4E_00;4E;5;THEME;Algorithmique et programmation;Grand thème étudié en 4e.;SRC_BO_2020_31_C4_PROGRAMMES
ITM_MATOLD_4E_05_C01;PRG_MAT_C4_2020;ITM_MATOLD_4E_05;4E;1;CAPACITE;Écrire, tester et modifier des programmes simples.;Capacité représentative, sélectionnée pour une vue synthétique du programme.;SRC_BO_2020_31_C4_PROGRAMMES
ITM_MATOLD_3E_00;PRG_MAT_C4_2020;;3E;1;DOMAINE;Repères essentiels de 3e;Sélection structurante pour la synthèse du niveau.;SRC_BO_2020_31_C4_PROGRAMMES
ITM_MATOLD_3E_01;PRG_MAT_C4_2020;ITM_MATOLD_3E_00;3E;1;THEME;Nombres et calculs;Grand thème étudié en 3e.;SRC_BO_2020_31_C4_PROGRAMMES
ITM_MATOLD_3E_01_C01;PRG_MAT_C4_2020;ITM_MATOLD_3E_01;3E;1;CAPACITE;Mobiliser les nombres rationnels et les techniques de calcul adaptées.;Capacité représentative, sélectionnée pour une vue synthétique du programme.;SRC_BO_2020_31_C4_PROGRAMMES
ITM_MATOLD_3E_02;PRG_MAT_C4_2020;ITM_MATOLD_3E_00;3E;2;THEME;Organisation et gestion de données, fonctions;Grand thème étudié en 3e.;SRC_BO_2020_31_C4_PROGRAMMES
ITM_MATOLD_3E_02_C01;PRG_MAT_C4_2020;ITM_MATOLD_3E_02;3E;1;CAPACITE;Lire, organiser et modéliser des données ou des relations fonctionnelles.;Capacité représentative, sélectionnée pour une vue synthétique du programme.;SRC_BO_2020_31_C4_PROGRAMMES
ITM_MATOLD_3E_03;PRG_MAT_C4_2020;ITM_MATOLD_3E_00;3E;3;THEME;Grandeurs et mesures;Grand thème étudié en 3e.;SRC_BO_2020_31_C4_PROGRAMMES
ITM_MATOLD_3E_03_C01;PRG_MAT_C4_2020;ITM_MATOLD_3E_03;3E;1;CAPACITE;Calculer et raisonner sur des grandeurs et des mesures.;Capacité représentative, sélectionnée pour une vue synthétique du programme.;SRC_BO_2020_31_C4_PROGRAMMES
ITM_MATOLD_3E_04;PRG_MAT_C4_2020;ITM_MATOLD_3E_00;3E;4;THEME;Espace et géométrie;Grand thème étudié en 3e.;SRC_BO_2020_31_C4_PROGRAMMES
ITM_MATOLD_3E_04_C01;PRG_MAT_C4_2020;ITM_MATOLD_3E_04;3E;1;CAPACITE;Utiliser les propriétés géométriques pour représenter, raisonner et démontrer.;Capacité représentative, sélectionnée pour une vue synthétique du programme.;SRC_BO_2020_31_C4_PROGRAMMES
ITM_MATOLD_3E_05;PRG_MAT_C4_2020;ITM_MATOLD_3E_00;3E;5;THEME;Algorithmique et programmation;Grand thème étudié en 3e.;SRC_BO_2020_31_C4_PROGRAMMES
ITM_MATOLD_3E_05_C01;PRG_MAT_C4_2020;ITM_MATOLD_3E_05;3E;1;CAPACITE;Écrire, tester et modifier des programmes simples.;Capacité représentative, sélectionnée pour une vue synthétique du programme.;SRC_BO_2020_31_C4_PROGRAMMES
ITM_LVE_5E_00;PRG_LVE_COLLEGE_2025;;5E;1;DOMAINE;Repères essentiels de 5e;Sélection structurante pour la synthèse du niveau.;SRC_BO_2025_22_MENE2504621A
ITM_LVE_5E_01;PRG_LVE_COLLEGE_2025;ITM_LVE_5E_00;5E;1;THEME;Repères culturels;Grand thème étudié en 5e.;SRC_BO_2025_22_MENE2504621A
ITM_LVE_5E_01_C01;PRG_LVE_COLLEGE_2025;ITM_LVE_5E_01;5E;1;CAPACITE;Mobiliser des repères culturels des aires linguistiques étudiées.;Capacité représentative, sélectionnée pour une vue synthétique du programme.;SRC_BO_2025_22_MENE2504621A
ITM_LVE_5E_02;PRG_LVE_COLLEGE_2025;ITM_LVE_5E_00;5E;2;THEME;Compréhension;Grand thème étudié en 5e.;SRC_BO_2025_22_MENE2504621A
ITM_LVE_5E_02_C01;PRG_LVE_COLLEGE_2025;ITM_LVE_5E_02;5E;1;CAPACITE;Comprendre des documents oraux et écrits adaptés au niveau visé.;Capacité représentative, sélectionnée pour une vue synthétique du programme.;SRC_BO_2025_22_MENE2504621A
ITM_LVE_5E_03;PRG_LVE_COLLEGE_2025;ITM_LVE_5E_00;5E;3;THEME;Expression et interaction;Grand thème étudié en 5e.;SRC_BO_2025_22_MENE2504621A
ITM_LVE_5E_03_C01;PRG_LVE_COLLEGE_2025;ITM_LVE_5E_03;5E;1;CAPACITE;S’exprimer, interagir et médiatiser à l’oral comme à l’écrit.;Capacité représentative, sélectionnée pour une vue synthétique du programme.;SRC_BO_2025_22_MENE2504621A
ITM_LVE_5E_04;PRG_LVE_COLLEGE_2025;ITM_LVE_5E_00;5E;4;THEME;Outils linguistiques;Grand thème étudié en 5e.;SRC_BO_2025_22_MENE2504621A
ITM_LVE_5E_04_C01;PRG_LVE_COLLEGE_2025;ITM_LVE_5E_04;5E;1;CAPACITE;Mobiliser lexique, phonologie et structures grammaticales adaptées.;Capacité représentative, sélectionnée pour une vue synthétique du programme.;SRC_BO_2025_22_MENE2504621A
ITM_LVEOLD_4E_00;PRG_LVE_C4_2020;;4E;1;DOMAINE;Repères essentiels de 4e;Sélection structurante pour la synthèse du niveau.;SRC_BO_2020_31_C4_PROGRAMMES
ITM_LVEOLD_4E_01;PRG_LVE_C4_2020;ITM_LVEOLD_4E_00;4E;1;THEME;Repères culturels;Grand thème étudié en 4e.;SRC_BO_2020_31_C4_PROGRAMMES
ITM_LVEOLD_4E_01_C01;PRG_LVE_C4_2020;ITM_LVEOLD_4E_01;4E;1;CAPACITE;Mobiliser des repères culturels des aires linguistiques étudiées.;Capacité représentative, sélectionnée pour une vue synthétique du programme.;SRC_BO_2020_31_C4_PROGRAMMES
ITM_LVEOLD_4E_02;PRG_LVE_C4_2020;ITM_LVEOLD_4E_00;4E;2;THEME;Compréhension;Grand thème étudié en 4e.;SRC_BO_2020_31_C4_PROGRAMMES
ITM_LVEOLD_4E_02_C01;PRG_LVE_C4_2020;ITM_LVEOLD_4E_02;4E;1;CAPACITE;Comprendre des documents oraux et écrits adaptés au niveau visé.;Capacité représentative, sélectionnée pour une vue synthétique du programme.;SRC_BO_2020_31_C4_PROGRAMMES
ITM_LVEOLD_4E_03;PRG_LVE_C4_2020;ITM_LVEOLD_4E_00;4E;3;THEME;Expression et interaction;Grand thème étudié en 4e.;SRC_BO_2020_31_C4_PROGRAMMES
ITM_LVEOLD_4E_03_C01;PRG_LVE_C4_2020;ITM_LVEOLD_4E_03;4E;1;CAPACITE;S’exprimer, interagir et médiatiser à l’oral comme à l’écrit.;Capacité représentative, sélectionnée pour une vue synthétique du programme.;SRC_BO_2020_31_C4_PROGRAMMES
ITM_LVEOLD_4E_04;PRG_LVE_C4_2020;ITM_LVEOLD_4E_00;4E;4;THEME;Outils linguistiques;Grand thème étudié en 4e.;SRC_BO_2020_31_C4_PROGRAMMES
ITM_LVEOLD_4E_04_C01;PRG_LVE_C4_2020;ITM_LVEOLD_4E_04;4E;1;CAPACITE;Mobiliser lexique, phonologie et structures grammaticales adaptées.;Capacité représentative, sélectionnée pour une vue synthétique du programme.;SRC_BO_2020_31_C4_PROGRAMMES
ITM_LVEOLD_3E_00;PRG_LVE_C4_2020;;3E;1;DOMAINE;Repères essentiels de 3e;Sélection structurante pour la synthèse du niveau.;SRC_BO_2020_31_C4_PROGRAMMES
ITM_LVEOLD_3E_01;PRG_LVE_C4_2020;ITM_LVEOLD_3E_00;3E;1;THEME;Repères culturels;Grand thème étudié en 3e.;SRC_BO_2020_31_C4_PROGRAMMES
ITM_LVEOLD_3E_01_C01;PRG_LVE_C4_2020;ITM_LVEOLD_3E_01;3E;1;CAPACITE;Mobiliser des repères culturels des aires linguistiques étudiées.;Capacité représentative, sélectionnée pour une vue synthétique du programme.;SRC_BO_2020_31_C4_PROGRAMMES
ITM_LVEOLD_3E_02;PRG_LVE_C4_2020;ITM_LVEOLD_3E_00;3E;2;THEME;Compréhension;Grand thème étudié en 3e.;SRC_BO_2020_31_C4_PROGRAMMES
ITM_LVEOLD_3E_02_C01;PRG_LVE_C4_2020;ITM_LVEOLD_3E_02;3E;1;CAPACITE;Comprendre des documents oraux et écrits adaptés au niveau visé.;Capacité représentative, sélectionnée pour une vue synthétique du programme.;SRC_BO_2020_31_C4_PROGRAMMES
ITM_LVEOLD_3E_03;PRG_LVE_C4_2020;ITM_LVEOLD_3E_00;3E;3;THEME;Expression et interaction;Grand thème étudié en 3e.;SRC_BO_2020_31_C4_PROGRAMMES
ITM_LVEOLD_3E_03_C01;PRG_LVE_C4_2020;ITM_LVEOLD_3E_03;3E;1;CAPACITE;S’exprimer, interagir et médiatiser à l’oral comme à l’écrit.;Capacité représentative, sélectionnée pour une vue synthétique du programme.;SRC_BO_2020_31_C4_PROGRAMMES
ITM_LVEOLD_3E_04;PRG_LVE_C4_2020;ITM_LVEOLD_3E_00;3E;4;THEME;Outils linguistiques;Grand thème étudié en 3e.;SRC_BO_2020_31_C4_PROGRAMMES
ITM_LVEOLD_3E_04_C01;PRG_LVE_C4_2020;ITM_LVEOLD_3E_04;3E;1;CAPACITE;Mobiliser lexique, phonologie et structures grammaticales adaptées.;Capacité représentative, sélectionnée pour une vue synthétique du programme.;SRC_BO_2020_31_C4_PROGRAMMES
ITM_HG_5E_00;PRG_HG_C4_2020;;5E;1;DOMAINE;Repères essentiels de 5e;Sélection structurante pour la synthèse du niveau.;SRC_BO_2020_31_C4_PROGRAMMES
ITM_HG_5E_01;PRG_HG_C4_2020;ITM_HG_5E_00;5E;1;THEME;Chrétientés et islam (VIe-XIIIe siècles);Grand thème étudié en 5e.;SRC_BO_2020_31_C4_PROGRAMMES
ITM_HG_5E_01_C01;PRG_HG_C4_2020;ITM_HG_5E_01;5E;1;CAPACITE;Situer et caractériser les principaux pouvoirs et contacts entre mondes chrétien et musulman.;Capacité représentative, sélectionnée pour une vue synthétique du programme.;SRC_BO_2020_31_C4_PROGRAMMES
ITM_HG_5E_02;PRG_HG_C4_2020;ITM_HG_5E_00;5E;2;THEME;Société, Église et pouvoir politique dans l’Occident féodal;Grand thème étudié en 5e.;SRC_BO_2020_31_C4_PROGRAMMES
ITM_HG_5E_02_C01;PRG_HG_C4_2020;ITM_HG_5E_02;5E;1;CAPACITE;Décrire l’organisation de la société féodale, des campagnes et des villes.;Capacité représentative, sélectionnée pour une vue synthétique du programme.;SRC_BO_2020_31_C4_PROGRAMMES
ITM_HG_5E_03;PRG_HG_C4_2020;ITM_HG_5E_00;5E;3;THEME;Transformations de l’Europe et ouverture sur le monde;Grand thème étudié en 5e.;SRC_BO_2020_31_C4_PROGRAMMES
ITM_HG_5E_03_C01;PRG_HG_C4_2020;ITM_HG_5E_03;5E;1;CAPACITE;Identifier les transformations culturelles, religieuses et politiques des XVe-XVIIe siècles.;Capacité représentative, sélectionnée pour une vue synthétique du programme.;SRC_BO_2020_31_C4_PROGRAMMES
ITM_HG_5E_04;PRG_HG_C4_2020;ITM_HG_5E_00;5E;4;THEME;Question démographique et inégal développement;Grand thème étudié en 5e.;SRC_BO_2020_31_C4_PROGRAMMES
ITM_HG_5E_04_C01;PRG_HG_C4_2020;ITM_HG_5E_04;5E;1;CAPACITE;Comparer dynamiques démographiques, niveaux de développement et inégalités.;Capacité représentative, sélectionnée pour une vue synthétique du programme.;SRC_BO_2020_31_C4_PROGRAMMES
ITM_HG_5E_05;PRG_HG_C4_2020;ITM_HG_5E_00;5E;5;THEME;Ressources limitées, à gérer et à renouveler;Grand thème étudié en 5e.;SRC_BO_2020_31_C4_PROGRAMMES
ITM_HG_5E_05_C01;PRG_HG_C4_2020;ITM_HG_5E_05;5E;1;CAPACITE;Analyser les enjeux liés à la gestion durable des ressources.;Capacité représentative, sélectionnée pour une vue synthétique du programme.;SRC_BO_2020_31_C4_PROGRAMMES
ITM_HG_5E_06;PRG_HG_C4_2020;ITM_HG_5E_00;5E;6;THEME;Prévenir les risques, s’adapter au changement global;Grand thème étudié en 5e.;SRC_BO_2020_31_C4_PROGRAMMES
ITM_HG_5E_06_C01;PRG_HG_C4_2020;ITM_HG_5E_06;5E;1;CAPACITE;Identifier vulnérabilités, risques et stratégies d’adaptation.;Capacité représentative, sélectionnée pour une vue synthétique du programme.;SRC_BO_2020_31_C4_PROGRAMMES
ITM_HG_4E_00;PRG_HG_C4_2020;;4E;1;DOMAINE;Repères essentiels de 4e;Sélection structurante pour la synthèse du niveau.;SRC_BO_2020_31_C4_PROGRAMMES
ITM_HG_4E_01;PRG_HG_C4_2020;ITM_HG_4E_00;4E;1;THEME;Le XVIIIe siècle : expansions, Lumières et révolutions;Grand thème étudié en 4e.;SRC_BO_2020_31_C4_PROGRAMMES
ITM_HG_4E_01_C01;PRG_HG_C4_2020;ITM_HG_4E_01;4E;1;CAPACITE;Situer les Lumières, les révolutions et les bouleversements politiques du XVIIIe siècle.;Capacité représentative, sélectionnée pour une vue synthétique du programme.;SRC_BO_2020_31_C4_PROGRAMMES
ITM_HG_4E_02;PRG_HG_C4_2020;ITM_HG_4E_00;4E;2;THEME;L’Europe et le monde au XIXe siècle;Grand thème étudié en 4e.;SRC_BO_2020_31_C4_PROGRAMMES
ITM_HG_4E_02_C01;PRG_HG_C4_2020;ITM_HG_4E_02;4E;1;CAPACITE;Caractériser industrialisation, colonisation et transformations sociales du XIXe siècle.;Capacité représentative, sélectionnée pour une vue synthétique du programme.;SRC_BO_2020_31_C4_PROGRAMMES
ITM_HG_4E_03;PRG_HG_C4_2020;ITM_HG_4E_00;4E;3;THEME;Société, culture et politique dans la France du XIXe siècle;Grand thème étudié en 4e.;SRC_BO_2020_31_C4_PROGRAMMES
ITM_HG_4E_03_C01;PRG_HG_C4_2020;ITM_HG_4E_03;4E;1;CAPACITE;Comprendre la construction politique et sociale de la France au XIXe siècle.;Capacité représentative, sélectionnée pour une vue synthétique du programme.;SRC_BO_2020_31_C4_PROGRAMMES
ITM_HG_4E_04;PRG_HG_C4_2020;ITM_HG_4E_00;4E;4;THEME;L’urbanisation du monde;Grand thème étudié en 4e.;SRC_BO_2020_31_C4_PROGRAMMES
ITM_HG_4E_04_C01;PRG_HG_C4_2020;ITM_HG_4E_04;4E;1;CAPACITE;Décrire les dynamiques d’urbanisation et de métropolisation.;Capacité représentative, sélectionnée pour une vue synthétique du programme.;SRC_BO_2020_31_C4_PROGRAMMES
ITM_HG_4E_05;PRG_HG_C4_2020;ITM_HG_4E_00;4E;5;THEME;Les mobilités humaines transnationales;Grand thème étudié en 4e.;SRC_BO_2020_31_C4_PROGRAMMES
ITM_HG_4E_05_C01;PRG_HG_C4_2020;ITM_HG_4E_05;4E;1;CAPACITE;Analyser migrations internationales et mobilités touristiques.;Capacité représentative, sélectionnée pour une vue synthétique du programme.;SRC_BO_2020_31_C4_PROGRAMMES
ITM_HG_4E_06;PRG_HG_C4_2020;ITM_HG_4E_00;4E;6;THEME;Des espaces transformés par la mondialisation;Grand thème étudié en 4e.;SRC_BO_2020_31_C4_PROGRAMMES
ITM_HG_4E_06_C01;PRG_HG_C4_2020;ITM_HG_4E_06;4E;1;CAPACITE;Identifier les effets spatiaux de la mondialisation sur les territoires.;Capacité représentative, sélectionnée pour une vue synthétique du programme.;SRC_BO_2020_31_C4_PROGRAMMES
ITM_HG_3E_00;PRG_HG_C4_2020;;3E;1;DOMAINE;Repères essentiels de 3e;Sélection structurante pour la synthèse du niveau.;SRC_BO_2020_31_C4_PROGRAMMES
ITM_HG_3E_01;PRG_HG_C4_2020;ITM_HG_3E_00;3E;1;THEME;L’Europe, un théâtre majeur des guerres totales;Grand thème étudié en 3e.;SRC_BO_2020_31_C4_PROGRAMMES
ITM_HG_3E_01_C01;PRG_HG_C4_2020;ITM_HG_3E_01;3E;1;CAPACITE;Identifier les caractéristiques des guerres mondiales et des régimes totalitaires.;Capacité représentative, sélectionnée pour une vue synthétique du programme.;SRC_BO_2020_31_C4_PROGRAMMES
ITM_HG_3E_02;PRG_HG_C4_2020;ITM_HG_3E_00;3E;2;THEME;Le monde depuis 1945;Grand thème étudié en 3e.;SRC_BO_2020_31_C4_PROGRAMMES
ITM_HG_3E_02_C01;PRG_HG_C4_2020;ITM_HG_3E_02;3E;1;CAPACITE;Situer décolonisation, guerre froide et transformations géopolitiques depuis 1945.;Capacité représentative, sélectionnée pour une vue synthétique du programme.;SRC_BO_2020_31_C4_PROGRAMMES
ITM_HG_3E_03;PRG_HG_C4_2020;ITM_HG_3E_00;3E;3;THEME;Françaises et Français dans une République repensée;Grand thème étudié en 3e.;SRC_BO_2020_31_C4_PROGRAMMES
ITM_HG_3E_03_C01;PRG_HG_C4_2020;ITM_HG_3E_03;3E;1;CAPACITE;Comprendre les transformations de la République et de la société françaises depuis 1944.;Capacité représentative, sélectionnée pour une vue synthétique du programme.;SRC_BO_2020_31_C4_PROGRAMMES
ITM_HG_3E_04;PRG_HG_C4_2020;ITM_HG_3E_00;3E;4;THEME;Dynamiques territoriales de la France contemporaine;Grand thème étudié en 3e.;SRC_BO_2020_31_C4_PROGRAMMES
ITM_HG_3E_04_C01;PRG_HG_C4_2020;ITM_HG_3E_04;3E;1;CAPACITE;Analyser les principales dynamiques des territoires français.;Capacité représentative, sélectionnée pour une vue synthétique du programme.;SRC_BO_2020_31_C4_PROGRAMMES
ITM_HG_3E_05;PRG_HG_C4_2020;ITM_HG_3E_00;3E;5;THEME;Pourquoi et comment aménager le territoire ?;Grand thème étudié en 3e.;SRC_BO_2020_31_C4_PROGRAMMES
ITM_HG_3E_05_C01;PRG_HG_C4_2020;ITM_HG_3E_05;3E;1;CAPACITE;Identifier les acteurs et enjeux de l’aménagement du territoire.;Capacité représentative, sélectionnée pour une vue synthétique du programme.;SRC_BO_2020_31_C4_PROGRAMMES
ITM_HG_3E_06;PRG_HG_C4_2020;ITM_HG_3E_00;3E;6;THEME;La France et l’Union européenne;Grand thème étudié en 3e.;SRC_BO_2020_31_C4_PROGRAMMES
ITM_HG_3E_06_C01;PRG_HG_C4_2020;ITM_HG_3E_06;3E;1;CAPACITE;Situer la France dans l’Union européenne et dans le monde.;Capacité représentative, sélectionnée pour une vue synthétique du programme.;SRC_BO_2020_31_C4_PROGRAMMES
ITM_EMC_5E_00;PRG_EMC_2024;;5E;1;DOMAINE;Repères essentiels de 5e;Sélection structurante pour la synthèse du niveau.;SRC_BO_2024_24_EMC
ITM_EMC_5E_01;PRG_EMC_2024;ITM_EMC_5E_00;5E;1;THEME;Égalité et lutte contre les discriminations;Grand thème étudié en 5e.;SRC_BO_2024_24_EMC
ITM_EMC_5E_01_C01;PRG_EMC_2024;ITM_EMC_5E_01;5E;1;CAPACITE;Reconnaître les principes d’égalité et de solidarité et identifier des situations de discrimination.;Capacité représentative, sélectionnée pour une vue synthétique du programme.;SRC_BO_2024_24_EMC
ITM_EMC_5E_02;PRG_EMC_2024;ITM_EMC_5E_00;5E;2;THEME;Engagement et solidarité;Grand thème étudié en 5e.;SRC_BO_2024_24_EMC
ITM_EMC_5E_02_C01;PRG_EMC_2024;ITM_EMC_5E_02;5E;1;CAPACITE;Comprendre différentes formes d’engagement et de solidarité.;Capacité représentative, sélectionnée pour une vue synthétique du programme.;SRC_BO_2024_24_EMC
ITM_EMC_4E_00;PRG_EMC_2024;;4E;1;DOMAINE;Repères essentiels de 4e;Sélection structurante pour la synthèse du niveau.;SRC_BO_2024_24_EMC
ITM_EMC_4E_01;PRG_EMC_2024;ITM_EMC_4E_00;4E;1;THEME;Droits et libertés;Grand thème étudié en 4e.;SRC_BO_2024_24_EMC
ITM_EMC_4E_01_C01;PRG_EMC_2024;ITM_EMC_4E_01;4E;1;CAPACITE;Identifier les principales libertés et comprendre les responsabilités qui les accompagnent.;Capacité représentative, sélectionnée pour une vue synthétique du programme.;SRC_BO_2024_24_EMC
ITM_EMC_4E_02;PRG_EMC_2024;ITM_EMC_4E_00;4E;2;THEME;Justice et État de droit;Grand thème étudié en 4e.;SRC_BO_2024_24_EMC
ITM_EMC_4E_02_C01;PRG_EMC_2024;ITM_EMC_4E_02;4E;1;CAPACITE;Comprendre le rôle du droit et de la justice dans la protection des libertés.;Capacité représentative, sélectionnée pour une vue synthétique du programme.;SRC_BO_2024_24_EMC
ITM_EMC_3E_00;PRG_EMC_2024;;3E;1;DOMAINE;Repères essentiels de 3e;Sélection structurante pour la synthèse du niveau.;SRC_BO_2024_24_EMC
ITM_EMC_3E_01;PRG_EMC_2024;ITM_EMC_3E_00;3E;1;THEME;Démocratie et institutions;Grand thème étudié en 3e.;SRC_BO_2024_24_EMC
ITM_EMC_3E_01_C01;PRG_EMC_2024;ITM_EMC_3E_01;3E;1;CAPACITE;Comprendre les principes du fonctionnement démocratique et des institutions.;Capacité représentative, sélectionnée pour une vue synthétique du programme.;SRC_BO_2024_24_EMC
ITM_EMC_3E_02;PRG_EMC_2024;ITM_EMC_3E_00;3E;2;THEME;Citoyenneté et engagement;Grand thème étudié en 3e.;SRC_BO_2024_24_EMC
ITM_EMC_3E_02_C01;PRG_EMC_2024;ITM_EMC_3E_02;3E;1;CAPACITE;Identifier les formes de participation civique et d’engagement citoyen.;Capacité représentative, sélectionnée pour une vue synthétique du programme.;SRC_BO_2024_24_EMC
ITM_PC_5E_00;PRG_PC_C4_2020;;5E;1;DOMAINE;Repères essentiels de 5e;Sélection structurante pour la synthèse du niveau.;SRC_BO_2020_31_C4_PROGRAMMES
ITM_PC_5E_01;PRG_PC_C4_2020;ITM_PC_5E_00;5E;1;THEME;Organisation et transformations de la matière;Grand thème étudié en 5e.;SRC_BO_2020_31_C4_PROGRAMMES
ITM_PC_5E_01_C01;PRG_PC_C4_2020;ITM_PC_5E_01;5E;1;CAPACITE;Décrire la matière et interpréter des transformations physiques ou chimiques.;Capacité représentative, sélectionnée pour une vue synthétique du programme.;SRC_BO_2020_31_C4_PROGRAMMES
ITM_PC_5E_02;PRG_PC_C4_2020;ITM_PC_5E_00;5E;2;THEME;Mouvements et interactions;Grand thème étudié en 5e.;SRC_BO_2020_31_C4_PROGRAMMES
ITM_PC_5E_02_C01;PRG_PC_C4_2020;ITM_PC_5E_02;5E;1;CAPACITE;Décrire un mouvement et modéliser des interactions.;Capacité représentative, sélectionnée pour une vue synthétique du programme.;SRC_BO_2020_31_C4_PROGRAMMES
ITM_PC_5E_03;PRG_PC_C4_2020;ITM_PC_5E_00;5E;3;THEME;L’énergie et ses conversions;Grand thème étudié en 5e.;SRC_BO_2020_31_C4_PROGRAMMES
ITM_PC_5E_03_C01;PRG_PC_C4_2020;ITM_PC_5E_03;5E;1;CAPACITE;Identifier formes, transferts et conversions d’énergie.;Capacité représentative, sélectionnée pour une vue synthétique du programme.;SRC_BO_2020_31_C4_PROGRAMMES
ITM_PC_5E_04;PRG_PC_C4_2020;ITM_PC_5E_00;5E;4;THEME;Des signaux pour observer et communiquer;Grand thème étudié en 5e.;SRC_BO_2020_31_C4_PROGRAMMES
ITM_PC_5E_04_C01;PRG_PC_C4_2020;ITM_PC_5E_04;5E;1;CAPACITE;Caractériser et utiliser des signaux lumineux ou sonores.;Capacité représentative, sélectionnée pour une vue synthétique du programme.;SRC_BO_2020_31_C4_PROGRAMMES
ITM_SVT_5E_00;PRG_SVT_C4_2020;;5E;1;DOMAINE;Repères essentiels de 5e;Sélection structurante pour la synthèse du niveau.;SRC_BO_2020_31_C4_PROGRAMMES
ITM_SVT_5E_01;PRG_SVT_C4_2020;ITM_SVT_5E_00;5E;1;THEME;La planète Terre, l’environnement et l’action humaine;Grand thème étudié en 5e.;SRC_BO_2020_31_C4_PROGRAMMES
ITM_SVT_5E_01_C01;PRG_SVT_C4_2020;ITM_SVT_5E_01;5E;1;CAPACITE;Relier phénomènes terrestres, environnement, risques et action humaine.;Capacité représentative, sélectionnée pour une vue synthétique du programme.;SRC_BO_2020_31_C4_PROGRAMMES
ITM_SVT_5E_02;PRG_SVT_C4_2020;ITM_SVT_5E_00;5E;2;THEME;Le vivant et son évolution;Grand thème étudié en 5e.;SRC_BO_2020_31_C4_PROGRAMMES
ITM_SVT_5E_02_C01;PRG_SVT_C4_2020;ITM_SVT_5E_02;5E;1;CAPACITE;Expliquer des mécanismes du vivant, de la biodiversité et de l’évolution.;Capacité représentative, sélectionnée pour une vue synthétique du programme.;SRC_BO_2020_31_C4_PROGRAMMES
ITM_SVT_5E_03;PRG_SVT_C4_2020;ITM_SVT_5E_00;5E;3;THEME;Le corps humain et la santé;Grand thème étudié en 5e.;SRC_BO_2020_31_C4_PROGRAMMES
ITM_SVT_5E_03_C01;PRG_SVT_C4_2020;ITM_SVT_5E_03;5E;1;CAPACITE;Relier fonctionnement du corps, comportements et santé.;Capacité représentative, sélectionnée pour une vue synthétique du programme.;SRC_BO_2020_31_C4_PROGRAMMES
ITM_TECH_5E_00;PRG_TECH_C4_2024;;5E;1;DOMAINE;Repères essentiels de 5e;Sélection structurante pour la synthèse du niveau.;SRC_BO_2024_09_TECH
ITM_TECH_5E_01;PRG_TECH_C4_2024;ITM_TECH_5E_00;5E;1;THEME;Objets et systèmes techniques : usages et interactions;Grand thème étudié en 5e.;SRC_BO_2024_09_TECH
ITM_TECH_5E_01_C01;PRG_TECH_C4_2024;ITM_TECH_5E_01;5E;1;CAPACITE;Analyser besoins, usages, évolutions et impacts des objets et systèmes techniques.;Capacité représentative, sélectionnée pour une vue synthétique du programme.;SRC_BO_2024_09_TECH
ITM_TECH_5E_02;PRG_TECH_C4_2024;ITM_TECH_5E_00;5E;2;THEME;Structure, fonctionnement et comportement des objets et systèmes techniques;Grand thème étudié en 5e.;SRC_BO_2024_09_TECH
ITM_TECH_5E_02_C01;PRG_TECH_C4_2024;ITM_TECH_5E_02;5E;1;CAPACITE;Décrire organisation, flux d’énergie et de données et fonctionnement d’un système technique.;Capacité représentative, sélectionnée pour une vue synthétique du programme.;SRC_BO_2024_09_TECH
ITM_TECH_5E_03;PRG_TECH_C4_2024;ITM_TECH_5E_00;5E;3;THEME;Création, conception, réalisation et innovation;Grand thème étudié en 5e.;SRC_BO_2024_09_TECH
ITM_TECH_5E_03_C01;PRG_TECH_C4_2024;ITM_TECH_5E_03;5E;1;CAPACITE;Concevoir, programmer, réaliser et améliorer une solution technique.;Capacité représentative, sélectionnée pour une vue synthétique du programme.;SRC_BO_2024_09_TECH
ITM_EPS_5E_00;PRG_EPS_C4_2020;;5E;1;DOMAINE;Repères essentiels de 5e;Sélection structurante pour la synthèse du niveau.;SRC_BO_2020_31_C4_PROGRAMMES
ITM_EPS_5E_01;PRG_EPS_C4_2020;ITM_EPS_5E_00;5E;1;THEME;Produire une performance optimale, mesurable;Grand thème étudié en 5e.;SRC_BO_2020_31_C4_PROGRAMMES
ITM_EPS_5E_01_C01;PRG_EPS_C4_2020;ITM_EPS_5E_01;5E;1;CAPACITE;S’engager et gérer ses ressources pour produire une performance mesurable.;Capacité représentative, sélectionnée pour une vue synthétique du programme.;SRC_BO_2020_31_C4_PROGRAMMES
ITM_EPS_5E_02;PRG_EPS_C4_2020;ITM_EPS_5E_00;5E;2;THEME;Adapter ses déplacements à des environnements variés;Grand thème étudié en 5e.;SRC_BO_2020_31_C4_PROGRAMMES
ITM_EPS_5E_02_C01;PRG_EPS_C4_2020;ITM_EPS_5E_02;5E;1;CAPACITE;Choisir et conduire un déplacement adapté en sécurité.;Capacité représentative, sélectionnée pour une vue synthétique du programme.;SRC_BO_2020_31_C4_PROGRAMMES
ITM_EPS_5E_03;PRG_EPS_C4_2020;ITM_EPS_5E_00;5E;3;THEME;S’exprimer devant les autres par une prestation artistique ou acrobatique;Grand thème étudié en 5e.;SRC_BO_2020_31_C4_PROGRAMMES
ITM_EPS_5E_03_C01;PRG_EPS_C4_2020;ITM_EPS_5E_03;5E;1;CAPACITE;Composer et présenter une prestation artistique ou acrobatique.;Capacité représentative, sélectionnée pour une vue synthétique du programme.;SRC_BO_2020_31_C4_PROGRAMMES
ITM_EPS_5E_04;PRG_EPS_C4_2020;ITM_EPS_5E_00;5E;4;THEME;Conduire et maîtriser un affrontement collectif ou interindividuel;Grand thème étudié en 5e.;SRC_BO_2020_31_C4_PROGRAMMES
ITM_EPS_5E_04_C01;PRG_EPS_C4_2020;ITM_EPS_5E_04;5E;1;CAPACITE;Adapter ses choix pour conduire un affrontement dans le respect des règles.;Capacité représentative, sélectionnée pour une vue synthétique du programme.;SRC_BO_2020_31_C4_PROGRAMMES
ITM_ARTS_5E_00;PRG_ARTS_PLAST_C4_2020;;5E;1;DOMAINE;Repères essentiels de 5e;Sélection structurante pour la synthèse du niveau.;SRC_BO_2020_31_C4_PROGRAMMES
ITM_ARTS_5E_01;PRG_ARTS_PLAST_C4_2020;ITM_ARTS_5E_00;5E;1;THEME;"La représentation ; images, réalité et fiction";Grand thème étudié en 5e.;SRC_BO_2020_31_C4_PROGRAMMES
ITM_ARTS_5E_01_C01;PRG_ARTS_PLAST_C4_2020;ITM_ARTS_5E_01;5E;1;CAPACITE;Expérimenter les écarts entre représentation, réalité, image et fiction.;Capacité représentative, sélectionnée pour une vue synthétique du programme.;SRC_BO_2020_31_C4_PROGRAMMES
ITM_ARTS_5E_02;PRG_ARTS_PLAST_C4_2020;ITM_ARTS_5E_00;5E;2;THEME;"La matérialité de l’œuvre ; l’objet et l’œuvre";Grand thème étudié en 5e.;SRC_BO_2020_31_C4_PROGRAMMES
ITM_ARTS_5E_02_C01;PRG_ARTS_PLAST_C4_2020;ITM_ARTS_5E_02;5E;1;CAPACITE;Explorer matières, matériaux, objets et qualités sensibles dans une production.;Capacité représentative, sélectionnée pour une vue synthétique du programme.;SRC_BO_2020_31_C4_PROGRAMMES
ITM_ARTS_5E_03;PRG_ARTS_PLAST_C4_2020;ITM_ARTS_5E_00;5E;3;THEME;L’œuvre, l’espace, l’auteur, le spectateur;Grand thème étudié en 5e.;SRC_BO_2020_31_C4_PROGRAMMES
ITM_ARTS_5E_03_C01;PRG_ARTS_PLAST_C4_2020;ITM_ARTS_5E_03;5E;1;CAPACITE;Interroger la présentation, l’espace et la réception d’une œuvre.;Capacité représentative, sélectionnée pour une vue synthétique du programme.;SRC_BO_2020_31_C4_PROGRAMMES
ITM_MUS_5E_00;PRG_EDUC_MUS_C4_2020;;5E;1;DOMAINE;Repères essentiels de 5e;Sélection structurante pour la synthèse du niveau.;SRC_BO_2020_31_C4_PROGRAMMES
ITM_MUS_5E_01;PRG_EDUC_MUS_C4_2020;ITM_MUS_5E_00;5E;1;THEME;Réaliser des projets musicaux;Grand thème étudié en 5e.;SRC_BO_2020_31_C4_PROGRAMMES
ITM_MUS_5E_01_C01;PRG_EDUC_MUS_C4_2020;ITM_MUS_5E_01;5E;1;CAPACITE;Interpréter et élaborer un projet musical collectif ou individuel.;Capacité représentative, sélectionnée pour une vue synthétique du programme.;SRC_BO_2020_31_C4_PROGRAMMES
ITM_MUS_5E_02;PRG_EDUC_MUS_C4_2020;ITM_MUS_5E_00;5E;2;THEME;Écouter, comparer et construire une culture musicale;Grand thème étudié en 5e.;SRC_BO_2020_31_C4_PROGRAMMES
ITM_MUS_5E_02_C01;PRG_EDUC_MUS_C4_2020;ITM_MUS_5E_02;5E;1;CAPACITE;Écouter, comparer et situer des œuvres et des pratiques musicales.;Capacité représentative, sélectionnée pour une vue synthétique du programme.;SRC_BO_2020_31_C4_PROGRAMMES
ITM_MUS_5E_03;PRG_EDUC_MUS_C4_2020;ITM_MUS_5E_00;5E;3;THEME;Explorer, imaginer et créer;Grand thème étudié en 5e.;SRC_BO_2020_31_C4_PROGRAMMES
ITM_MUS_5E_03_C01;PRG_EDUC_MUS_C4_2020;ITM_MUS_5E_03;5E;1;CAPACITE;Créer, arranger ou transformer des éléments musicaux.;Capacité représentative, sélectionnée pour une vue synthétique du programme.;SRC_BO_2020_31_C4_PROGRAMMES
ITM_MUS_5E_04;PRG_EDUC_MUS_C4_2020;ITM_MUS_5E_00;5E;4;THEME;Échanger, partager et argumenter;Grand thème étudié en 5e.;SRC_BO_2020_31_C4_PROGRAMMES
ITM_MUS_5E_04_C01;PRG_EDUC_MUS_C4_2020;ITM_MUS_5E_04;5E;1;CAPACITE;Décrire une écoute, argumenter des choix et partager un jugement musical.;Capacité représentative, sélectionnée pour une vue synthétique du programme.;SRC_BO_2020_31_C4_PROGRAMMES
ITM_PC_4E_00;PRG_PC_C4_2020;;4E;1;DOMAINE;Repères essentiels de 4e;Sélection structurante pour la synthèse du niveau.;SRC_BO_2020_31_C4_PROGRAMMES
ITM_PC_4E_01;PRG_PC_C4_2020;ITM_PC_4E_00;4E;1;THEME;Organisation et transformations de la matière;Grand thème étudié en 4e.;SRC_BO_2020_31_C4_PROGRAMMES
ITM_PC_4E_01_C01;PRG_PC_C4_2020;ITM_PC_4E_01;4E;1;CAPACITE;Décrire la matière et interpréter des transformations physiques ou chimiques.;Capacité représentative, sélectionnée pour une vue synthétique du programme.;SRC_BO_2020_31_C4_PROGRAMMES
ITM_PC_4E_02;PRG_PC_C4_2020;ITM_PC_4E_00;4E;2;THEME;Mouvements et interactions;Grand thème étudié en 4e.;SRC_BO_2020_31_C4_PROGRAMMES
ITM_PC_4E_02_C01;PRG_PC_C4_2020;ITM_PC_4E_02;4E;1;CAPACITE;Décrire un mouvement et modéliser des interactions.;Capacité représentative, sélectionnée pour une vue synthétique du programme.;SRC_BO_2020_31_C4_PROGRAMMES
ITM_PC_4E_03;PRG_PC_C4_2020;ITM_PC_4E_00;4E;3;THEME;L’énergie et ses conversions;Grand thème étudié en 4e.;SRC_BO_2020_31_C4_PROGRAMMES
ITM_PC_4E_03_C01;PRG_PC_C4_2020;ITM_PC_4E_03;4E;1;CAPACITE;Identifier formes, transferts et conversions d’énergie.;Capacité représentative, sélectionnée pour une vue synthétique du programme.;SRC_BO_2020_31_C4_PROGRAMMES
ITM_PC_4E_04;PRG_PC_C4_2020;ITM_PC_4E_00;4E;4;THEME;Des signaux pour observer et communiquer;Grand thème étudié en 4e.;SRC_BO_2020_31_C4_PROGRAMMES
ITM_PC_4E_04_C01;PRG_PC_C4_2020;ITM_PC_4E_04;4E;1;CAPACITE;Caractériser et utiliser des signaux lumineux ou sonores.;Capacité représentative, sélectionnée pour une vue synthétique du programme.;SRC_BO_2020_31_C4_PROGRAMMES
ITM_SVT_4E_00;PRG_SVT_C4_2020;;4E;1;DOMAINE;Repères essentiels de 4e;Sélection structurante pour la synthèse du niveau.;SRC_BO_2020_31_C4_PROGRAMMES
ITM_SVT_4E_01;PRG_SVT_C4_2020;ITM_SVT_4E_00;4E;1;THEME;La planète Terre, l’environnement et l’action humaine;Grand thème étudié en 4e.;SRC_BO_2020_31_C4_PROGRAMMES
ITM_SVT_4E_01_C01;PRG_SVT_C4_2020;ITM_SVT_4E_01;4E;1;CAPACITE;Relier phénomènes terrestres, environnement, risques et action humaine.;Capacité représentative, sélectionnée pour une vue synthétique du programme.;SRC_BO_2020_31_C4_PROGRAMMES
ITM_SVT_4E_02;PRG_SVT_C4_2020;ITM_SVT_4E_00;4E;2;THEME;Le vivant et son évolution;Grand thème étudié en 4e.;SRC_BO_2020_31_C4_PROGRAMMES
ITM_SVT_4E_02_C01;PRG_SVT_C4_2020;ITM_SVT_4E_02;4E;1;CAPACITE;Expliquer des mécanismes du vivant, de la biodiversité et de l’évolution.;Capacité représentative, sélectionnée pour une vue synthétique du programme.;SRC_BO_2020_31_C4_PROGRAMMES
ITM_SVT_4E_03;PRG_SVT_C4_2020;ITM_SVT_4E_00;4E;3;THEME;Le corps humain et la santé;Grand thème étudié en 4e.;SRC_BO_2020_31_C4_PROGRAMMES
ITM_SVT_4E_03_C01;PRG_SVT_C4_2020;ITM_SVT_4E_03;4E;1;CAPACITE;Relier fonctionnement du corps, comportements et santé.;Capacité représentative, sélectionnée pour une vue synthétique du programme.;SRC_BO_2020_31_C4_PROGRAMMES
ITM_TECH_4E_00;PRG_TECH_C4_2024;;4E;1;DOMAINE;Repères essentiels de 4e;Sélection structurante pour la synthèse du niveau.;SRC_BO_2024_09_TECH
ITM_TECH_4E_01;PRG_TECH_C4_2024;ITM_TECH_4E_00;4E;1;THEME;Objets et systèmes techniques : usages et interactions;Grand thème étudié en 4e.;SRC_BO_2024_09_TECH
ITM_TECH_4E_01_C01;PRG_TECH_C4_2024;ITM_TECH_4E_01;4E;1;CAPACITE;Analyser besoins, usages, évolutions et impacts des objets et systèmes techniques.;Capacité représentative, sélectionnée pour une vue synthétique du programme.;SRC_BO_2024_09_TECH
ITM_TECH_4E_02;PRG_TECH_C4_2024;ITM_TECH_4E_00;4E;2;THEME;Structure, fonctionnement et comportement des objets et systèmes techniques;Grand thème étudié en 4e.;SRC_BO_2024_09_TECH
ITM_TECH_4E_02_C01;PRG_TECH_C4_2024;ITM_TECH_4E_02;4E;1;CAPACITE;Décrire organisation, flux d’énergie et de données et fonctionnement d’un système technique.;Capacité représentative, sélectionnée pour une vue synthétique du programme.;SRC_BO_2024_09_TECH
ITM_TECH_4E_03;PRG_TECH_C4_2024;ITM_TECH_4E_00;4E;3;THEME;Création, conception, réalisation et innovation;Grand thème étudié en 4e.;SRC_BO_2024_09_TECH
ITM_TECH_4E_03_C01;PRG_TECH_C4_2024;ITM_TECH_4E_03;4E;1;CAPACITE;Concevoir, programmer, réaliser et améliorer une solution technique.;Capacité représentative, sélectionnée pour une vue synthétique du programme.;SRC_BO_2024_09_TECH
ITM_EPS_4E_00;PRG_EPS_C4_2020;;4E;1;DOMAINE;Repères essentiels de 4e;Sélection structurante pour la synthèse du niveau.;SRC_BO_2020_31_C4_PROGRAMMES
ITM_EPS_4E_01;PRG_EPS_C4_2020;ITM_EPS_4E_00;4E;1;THEME;Produire une performance optimale, mesurable;Grand thème étudié en 4e.;SRC_BO_2020_31_C4_PROGRAMMES
ITM_EPS_4E_01_C01;PRG_EPS_C4_2020;ITM_EPS_4E_01;4E;1;CAPACITE;S’engager et gérer ses ressources pour produire une performance mesurable.;Capacité représentative, sélectionnée pour une vue synthétique du programme.;SRC_BO_2020_31_C4_PROGRAMMES
ITM_EPS_4E_02;PRG_EPS_C4_2020;ITM_EPS_4E_00;4E;2;THEME;Adapter ses déplacements à des environnements variés;Grand thème étudié en 4e.;SRC_BO_2020_31_C4_PROGRAMMES
ITM_EPS_4E_02_C01;PRG_EPS_C4_2020;ITM_EPS_4E_02;4E;1;CAPACITE;Choisir et conduire un déplacement adapté en sécurité.;Capacité représentative, sélectionnée pour une vue synthétique du programme.;SRC_BO_2020_31_C4_PROGRAMMES
ITM_EPS_4E_03;PRG_EPS_C4_2020;ITM_EPS_4E_00;4E;3;THEME;S’exprimer devant les autres par une prestation artistique ou acrobatique;Grand thème étudié en 4e.;SRC_BO_2020_31_C4_PROGRAMMES
ITM_EPS_4E_03_C01;PRG_EPS_C4_2020;ITM_EPS_4E_03;4E;1;CAPACITE;Composer et présenter une prestation artistique ou acrobatique.;Capacité représentative, sélectionnée pour une vue synthétique du programme.;SRC_BO_2020_31_C4_PROGRAMMES
ITM_EPS_4E_04;PRG_EPS_C4_2020;ITM_EPS_4E_00;4E;4;THEME;Conduire et maîtriser un affrontement collectif ou interindividuel;Grand thème étudié en 4e.;SRC_BO_2020_31_C4_PROGRAMMES
ITM_EPS_4E_04_C01;PRG_EPS_C4_2020;ITM_EPS_4E_04;4E;1;CAPACITE;Adapter ses choix pour conduire un affrontement dans le respect des règles.;Capacité représentative, sélectionnée pour une vue synthétique du programme.;SRC_BO_2020_31_C4_PROGRAMMES
ITM_ARTS_4E_00;PRG_ARTS_PLAST_C4_2020;;4E;1;DOMAINE;Repères essentiels de 4e;Sélection structurante pour la synthèse du niveau.;SRC_BO_2020_31_C4_PROGRAMMES
ITM_ARTS_4E_01;PRG_ARTS_PLAST_C4_2020;ITM_ARTS_4E_00;4E;1;THEME;"La représentation ; images, réalité et fiction";Grand thème étudié en 4e.;SRC_BO_2020_31_C4_PROGRAMMES
ITM_ARTS_4E_01_C01;PRG_ARTS_PLAST_C4_2020;ITM_ARTS_4E_01;4E;1;CAPACITE;Expérimenter les écarts entre représentation, réalité, image et fiction.;Capacité représentative, sélectionnée pour une vue synthétique du programme.;SRC_BO_2020_31_C4_PROGRAMMES
ITM_ARTS_4E_02;PRG_ARTS_PLAST_C4_2020;ITM_ARTS_4E_00;4E;2;THEME;"La matérialité de l’œuvre ; l’objet et l’œuvre";Grand thème étudié en 4e.;SRC_BO_2020_31_C4_PROGRAMMES
ITM_ARTS_4E_02_C01;PRG_ARTS_PLAST_C4_2020;ITM_ARTS_4E_02;4E;1;CAPACITE;Explorer matières, matériaux, objets et qualités sensibles dans une production.;Capacité représentative, sélectionnée pour une vue synthétique du programme.;SRC_BO_2020_31_C4_PROGRAMMES
ITM_ARTS_4E_03;PRG_ARTS_PLAST_C4_2020;ITM_ARTS_4E_00;4E;3;THEME;L’œuvre, l’espace, l’auteur, le spectateur;Grand thème étudié en 4e.;SRC_BO_2020_31_C4_PROGRAMMES
ITM_ARTS_4E_03_C01;PRG_ARTS_PLAST_C4_2020;ITM_ARTS_4E_03;4E;1;CAPACITE;Interroger la présentation, l’espace et la réception d’une œuvre.;Capacité représentative, sélectionnée pour une vue synthétique du programme.;SRC_BO_2020_31_C4_PROGRAMMES
ITM_MUS_4E_00;PRG_EDUC_MUS_C4_2020;;4E;1;DOMAINE;Repères essentiels de 4e;Sélection structurante pour la synthèse du niveau.;SRC_BO_2020_31_C4_PROGRAMMES
ITM_MUS_4E_01;PRG_EDUC_MUS_C4_2020;ITM_MUS_4E_00;4E;1;THEME;Réaliser des projets musicaux;Grand thème étudié en 4e.;SRC_BO_2020_31_C4_PROGRAMMES
ITM_MUS_4E_01_C01;PRG_EDUC_MUS_C4_2020;ITM_MUS_4E_01;4E;1;CAPACITE;Interpréter et élaborer un projet musical collectif ou individuel.;Capacité représentative, sélectionnée pour une vue synthétique du programme.;SRC_BO_2020_31_C4_PROGRAMMES
ITM_MUS_4E_02;PRG_EDUC_MUS_C4_2020;ITM_MUS_4E_00;4E;2;THEME;Écouter, comparer et construire une culture musicale;Grand thème étudié en 4e.;SRC_BO_2020_31_C4_PROGRAMMES
ITM_MUS_4E_02_C01;PRG_EDUC_MUS_C4_2020;ITM_MUS_4E_02;4E;1;CAPACITE;Écouter, comparer et situer des œuvres et des pratiques musicales.;Capacité représentative, sélectionnée pour une vue synthétique du programme.;SRC_BO_2020_31_C4_PROGRAMMES
ITM_MUS_4E_03;PRG_EDUC_MUS_C4_2020;ITM_MUS_4E_00;4E;3;THEME;Explorer, imaginer et créer;Grand thème étudié en 4e.;SRC_BO_2020_31_C4_PROGRAMMES
ITM_MUS_4E_03_C01;PRG_EDUC_MUS_C4_2020;ITM_MUS_4E_03;4E;1;CAPACITE;Créer, arranger ou transformer des éléments musicaux.;Capacité représentative, sélectionnée pour une vue synthétique du programme.;SRC_BO_2020_31_C4_PROGRAMMES
ITM_MUS_4E_04;PRG_EDUC_MUS_C4_2020;ITM_MUS_4E_00;4E;4;THEME;Échanger, partager et argumenter;Grand thème étudié en 4e.;SRC_BO_2020_31_C4_PROGRAMMES
ITM_MUS_4E_04_C01;PRG_EDUC_MUS_C4_2020;ITM_MUS_4E_04;4E;1;CAPACITE;Décrire une écoute, argumenter des choix et partager un jugement musical.;Capacité représentative, sélectionnée pour une vue synthétique du programme.;SRC_BO_2020_31_C4_PROGRAMMES
ITM_PC_3E_00;PRG_PC_C4_2020;;3E;1;DOMAINE;Repères essentiels de 3e;Sélection structurante pour la synthèse du niveau.;SRC_BO_2020_31_C4_PROGRAMMES
ITM_PC_3E_01;PRG_PC_C4_2020;ITM_PC_3E_00;3E;1;THEME;Organisation et transformations de la matière;Grand thème étudié en 3e.;SRC_BO_2020_31_C4_PROGRAMMES
ITM_PC_3E_01_C01;PRG_PC_C4_2020;ITM_PC_3E_01;3E;1;CAPACITE;Décrire la matière et interpréter des transformations physiques ou chimiques.;Capacité représentative, sélectionnée pour une vue synthétique du programme.;SRC_BO_2020_31_C4_PROGRAMMES
ITM_PC_3E_02;PRG_PC_C4_2020;ITM_PC_3E_00;3E;2;THEME;Mouvements et interactions;Grand thème étudié en 3e.;SRC_BO_2020_31_C4_PROGRAMMES
ITM_PC_3E_02_C01;PRG_PC_C4_2020;ITM_PC_3E_02;3E;1;CAPACITE;Décrire un mouvement et modéliser des interactions.;Capacité représentative, sélectionnée pour une vue synthétique du programme.;SRC_BO_2020_31_C4_PROGRAMMES
ITM_PC_3E_03;PRG_PC_C4_2020;ITM_PC_3E_00;3E;3;THEME;L’énergie et ses conversions;Grand thème étudié en 3e.;SRC_BO_2020_31_C4_PROGRAMMES
ITM_PC_3E_03_C01;PRG_PC_C4_2020;ITM_PC_3E_03;3E;1;CAPACITE;Identifier formes, transferts et conversions d’énergie.;Capacité représentative, sélectionnée pour une vue synthétique du programme.;SRC_BO_2020_31_C4_PROGRAMMES
ITM_PC_3E_04;PRG_PC_C4_2020;ITM_PC_3E_00;3E;4;THEME;Des signaux pour observer et communiquer;Grand thème étudié en 3e.;SRC_BO_2020_31_C4_PROGRAMMES
ITM_PC_3E_04_C01;PRG_PC_C4_2020;ITM_PC_3E_04;3E;1;CAPACITE;Caractériser et utiliser des signaux lumineux ou sonores.;Capacité représentative, sélectionnée pour une vue synthétique du programme.;SRC_BO_2020_31_C4_PROGRAMMES
ITM_SVT_3E_00;PRG_SVT_C4_2020;;3E;1;DOMAINE;Repères essentiels de 3e;Sélection structurante pour la synthèse du niveau.;SRC_BO_2020_31_C4_PROGRAMMES
ITM_SVT_3E_01;PRG_SVT_C4_2020;ITM_SVT_3E_00;3E;1;THEME;La planète Terre, l’environnement et l’action humaine;Grand thème étudié en 3e.;SRC_BO_2020_31_C4_PROGRAMMES
ITM_SVT_3E_01_C01;PRG_SVT_C4_2020;ITM_SVT_3E_01;3E;1;CAPACITE;Relier phénomènes terrestres, environnement, risques et action humaine.;Capacité représentative, sélectionnée pour une vue synthétique du programme.;SRC_BO_2020_31_C4_PROGRAMMES
ITM_SVT_3E_02;PRG_SVT_C4_2020;ITM_SVT_3E_00;3E;2;THEME;Le vivant et son évolution;Grand thème étudié en 3e.;SRC_BO_2020_31_C4_PROGRAMMES
ITM_SVT_3E_02_C01;PRG_SVT_C4_2020;ITM_SVT_3E_02;3E;1;CAPACITE;Expliquer des mécanismes du vivant, de la biodiversité et de l’évolution.;Capacité représentative, sélectionnée pour une vue synthétique du programme.;SRC_BO_2020_31_C4_PROGRAMMES
ITM_SVT_3E_03;PRG_SVT_C4_2020;ITM_SVT_3E_00;3E;3;THEME;Le corps humain et la santé;Grand thème étudié en 3e.;SRC_BO_2020_31_C4_PROGRAMMES
ITM_SVT_3E_03_C01;PRG_SVT_C4_2020;ITM_SVT_3E_03;3E;1;CAPACITE;Relier fonctionnement du corps, comportements et santé.;Capacité représentative, sélectionnée pour une vue synthétique du programme.;SRC_BO_2020_31_C4_PROGRAMMES
ITM_TECH_3E_00;PRG_TECH_C4_2024;;3E;1;DOMAINE;Repères essentiels de 3e;Sélection structurante pour la synthèse du niveau.;SRC_BO_2024_09_TECH
ITM_TECH_3E_01;PRG_TECH_C4_2024;ITM_TECH_3E_00;3E;1;THEME;Objets et systèmes techniques : usages et interactions;Grand thème étudié en 3e.;SRC_BO_2024_09_TECH
ITM_TECH_3E_01_C01;PRG_TECH_C4_2024;ITM_TECH_3E_01;3E;1;CAPACITE;Analyser besoins, usages, évolutions et impacts des objets et systèmes techniques.;Capacité représentative, sélectionnée pour une vue synthétique du programme.;SRC_BO_2024_09_TECH
ITM_TECH_3E_02;PRG_TECH_C4_2024;ITM_TECH_3E_00;3E;2;THEME;Structure, fonctionnement et comportement des objets et systèmes techniques;Grand thème étudié en 3e.;SRC_BO_2024_09_TECH
ITM_TECH_3E_02_C01;PRG_TECH_C4_2024;ITM_TECH_3E_02;3E;1;CAPACITE;Décrire organisation, flux d’énergie et de données et fonctionnement d’un système technique.;Capacité représentative, sélectionnée pour une vue synthétique du programme.;SRC_BO_2024_09_TECH
ITM_TECH_3E_03;PRG_TECH_C4_2024;ITM_TECH_3E_00;3E;3;THEME;Création, conception, réalisation et innovation;Grand thème étudié en 3e.;SRC_BO_2024_09_TECH
ITM_TECH_3E_03_C01;PRG_TECH_C4_2024;ITM_TECH_3E_03;3E;1;CAPACITE;Concevoir, programmer, réaliser et améliorer une solution technique.;Capacité représentative, sélectionnée pour une vue synthétique du programme.;SRC_BO_2024_09_TECH
ITM_EPS_3E_00;PRG_EPS_C4_2020;;3E;1;DOMAINE;Repères essentiels de 3e;Sélection structurante pour la synthèse du niveau.;SRC_BO_2020_31_C4_PROGRAMMES
ITM_EPS_3E_01;PRG_EPS_C4_2020;ITM_EPS_3E_00;3E;1;THEME;Produire une performance optimale, mesurable;Grand thème étudié en 3e.;SRC_BO_2020_31_C4_PROGRAMMES
ITM_EPS_3E_01_C01;PRG_EPS_C4_2020;ITM_EPS_3E_01;3E;1;CAPACITE;S’engager et gérer ses ressources pour produire une performance mesurable.;Capacité représentative, sélectionnée pour une vue synthétique du programme.;SRC_BO_2020_31_C4_PROGRAMMES
ITM_EPS_3E_02;PRG_EPS_C4_2020;ITM_EPS_3E_00;3E;2;THEME;Adapter ses déplacements à des environnements variés;Grand thème étudié en 3e.;SRC_BO_2020_31_C4_PROGRAMMES
ITM_EPS_3E_02_C01;PRG_EPS_C4_2020;ITM_EPS_3E_02;3E;1;CAPACITE;Choisir et conduire un déplacement adapté en sécurité.;Capacité représentative, sélectionnée pour une vue synthétique du programme.;SRC_BO_2020_31_C4_PROGRAMMES
ITM_EPS_3E_03;PRG_EPS_C4_2020;ITM_EPS_3E_00;3E;3;THEME;S’exprimer devant les autres par une prestation artistique ou acrobatique;Grand thème étudié en 3e.;SRC_BO_2020_31_C4_PROGRAMMES
ITM_EPS_3E_03_C01;PRG_EPS_C4_2020;ITM_EPS_3E_03;3E;1;CAPACITE;Composer et présenter une prestation artistique ou acrobatique.;Capacité représentative, sélectionnée pour une vue synthétique du programme.;SRC_BO_2020_31_C4_PROGRAMMES
ITM_EPS_3E_04;PRG_EPS_C4_2020;ITM_EPS_3E_00;3E;4;THEME;Conduire et maîtriser un affrontement collectif ou interindividuel;Grand thème étudié en 3e.;SRC_BO_2020_31_C4_PROGRAMMES
ITM_EPS_3E_04_C01;PRG_EPS_C4_2020;ITM_EPS_3E_04;3E;1;CAPACITE;Adapter ses choix pour conduire un affrontement dans le respect des règles.;Capacité représentative, sélectionnée pour une vue synthétique du programme.;SRC_BO_2020_31_C4_PROGRAMMES
ITM_ARTS_3E_00;PRG_ARTS_PLAST_C4_2020;;3E;1;DOMAINE;Repères essentiels de 3e;Sélection structurante pour la synthèse du niveau.;SRC_BO_2020_31_C4_PROGRAMMES
ITM_ARTS_3E_01;PRG_ARTS_PLAST_C4_2020;ITM_ARTS_3E_00;3E;1;THEME;"La représentation ; images, réalité et fiction";Grand thème étudié en 3e.;SRC_BO_2020_31_C4_PROGRAMMES
ITM_ARTS_3E_01_C01;PRG_ARTS_PLAST_C4_2020;ITM_ARTS_3E_01;3E;1;CAPACITE;Expérimenter les écarts entre représentation, réalité, image et fiction.;Capacité représentative, sélectionnée pour une vue synthétique du programme.;SRC_BO_2020_31_C4_PROGRAMMES
ITM_ARTS_3E_02;PRG_ARTS_PLAST_C4_2020;ITM_ARTS_3E_00;3E;2;THEME;"La matérialité de l’œuvre ; l’objet et l’œuvre";Grand thème étudié en 3e.;SRC_BO_2020_31_C4_PROGRAMMES
ITM_ARTS_3E_02_C01;PRG_ARTS_PLAST_C4_2020;ITM_ARTS_3E_02;3E;1;CAPACITE;Explorer matières, matériaux, objets et qualités sensibles dans une production.;Capacité représentative, sélectionnée pour une vue synthétique du programme.;SRC_BO_2020_31_C4_PROGRAMMES
ITM_ARTS_3E_03;PRG_ARTS_PLAST_C4_2020;ITM_ARTS_3E_00;3E;3;THEME;L’œuvre, l’espace, l’auteur, le spectateur;Grand thème étudié en 3e.;SRC_BO_2020_31_C4_PROGRAMMES
ITM_ARTS_3E_03_C01;PRG_ARTS_PLAST_C4_2020;ITM_ARTS_3E_03;3E;1;CAPACITE;Interroger la présentation, l’espace et la réception d’une œuvre.;Capacité représentative, sélectionnée pour une vue synthétique du programme.;SRC_BO_2020_31_C4_PROGRAMMES
ITM_MUS_3E_00;PRG_EDUC_MUS_C4_2020;;3E;1;DOMAINE;Repères essentiels de 3e;Sélection structurante pour la synthèse du niveau.;SRC_BO_2020_31_C4_PROGRAMMES
ITM_MUS_3E_01;PRG_EDUC_MUS_C4_2020;ITM_MUS_3E_00;3E;1;THEME;Réaliser des projets musicaux;Grand thème étudié en 3e.;SRC_BO_2020_31_C4_PROGRAMMES
ITM_MUS_3E_01_C01;PRG_EDUC_MUS_C4_2020;ITM_MUS_3E_01;3E;1;CAPACITE;Interpréter et élaborer un projet musical collectif ou individuel.;Capacité représentative, sélectionnée pour une vue synthétique du programme.;SRC_BO_2020_31_C4_PROGRAMMES
ITM_MUS_3E_02;PRG_EDUC_MUS_C4_2020;ITM_MUS_3E_00;3E;2;THEME;Écouter, comparer et construire une culture musicale;Grand thème étudié en 3e.;SRC_BO_2020_31_C4_PROGRAMMES
ITM_MUS_3E_02_C01;PRG_EDUC_MUS_C4_2020;ITM_MUS_3E_02;3E;1;CAPACITE;Écouter, comparer et situer des œuvres et des pratiques musicales.;Capacité représentative, sélectionnée pour une vue synthétique du programme.;SRC_BO_2020_31_C4_PROGRAMMES
ITM_MUS_3E_03;PRG_EDUC_MUS_C4_2020;ITM_MUS_3E_00;3E;3;THEME;Explorer, imaginer et créer;Grand thème étudié en 3e.;SRC_BO_2020_31_C4_PROGRAMMES
ITM_MUS_3E_03_C01;PRG_EDUC_MUS_C4_2020;ITM_MUS_3E_03;3E;1;CAPACITE;Créer, arranger ou transformer des éléments musicaux.;Capacité représentative, sélectionnée pour une vue synthétique du programme.;SRC_BO_2020_31_C4_PROGRAMMES
ITM_MUS_3E_04;PRG_EDUC_MUS_C4_2020;ITM_MUS_3E_00;3E;4;THEME;Échanger, partager et argumenter;Grand thème étudié en 3e.;SRC_BO_2020_31_C4_PROGRAMMES
ITM_MUS_3E_04_C01;PRG_EDUC_MUS_C4_2020;ITM_MUS_3E_04;3E;1;CAPACITE;Décrire une écoute, argumenter des choix et partager un jugement musical.;Capacité représentative, sélectionnée pour une vue synthétique du programme.;SRC_BO_2020_31_C4_PROGRAMMES
ITM_FRA_LYCEE_2019_T01;PRG_FRA_LYCEE_2019;;1;;THEME;Lecture et interprétation;Lecture et interprétation : repères structurants du programme.;SRC_EDUSCOL_LGT_PROGRAMMES_2026
ITM_FRA_LYCEE_2019_T01_C01;PRG_FRA_LYCEE_2019;ITM_FRA_LYCEE_2019_T01;1;1;CAPACITE;Mobiliser les notions essentielles : Lecture et interprétation;Identifier, expliquer et mobiliser les principaux repères liés à ce thème.;SRC_EDUSCOL_LGT_PROGRAMMES_2026
ITM_FRA_LYCEE_2019_T02;PRG_FRA_LYCEE_2019;;2;;THEME;Écriture et argumentation;Écriture et argumentation : repères structurants du programme.;SRC_EDUSCOL_LGT_PROGRAMMES_2026
ITM_FRA_LYCEE_2019_T02_C01;PRG_FRA_LYCEE_2019;ITM_FRA_LYCEE_2019_T02;2;1;CAPACITE;Mobiliser les notions essentielles : Écriture et argumentation;Identifier, expliquer et mobiliser les principaux repères liés à ce thème.;SRC_EDUSCOL_LGT_PROGRAMMES_2026
ITM_FRA_LYCEE_2019_T03;PRG_FRA_LYCEE_2019;;3;;THEME;Langue et expression;Langue et expression : repères structurants du programme.;SRC_EDUSCOL_LGT_PROGRAMMES_2026
ITM_FRA_LYCEE_2019_T03_C01;PRG_FRA_LYCEE_2019;ITM_FRA_LYCEE_2019_T03;3;1;CAPACITE;Mobiliser les notions essentielles : Langue et expression;Identifier, expliquer et mobiliser les principaux repères liés à ce thème.;SRC_EDUSCOL_LGT_PROGRAMMES_2026
ITM_HG_LYCEE_2019_T01;PRG_HG_LYCEE_2019;;1;;THEME;Sociétés et pouvoirs;Sociétés et pouvoirs : repères structurants du programme.;SRC_EDUSCOL_LGT_PROGRAMMES_2026
ITM_HG_LYCEE_2019_T01_C01;PRG_HG_LYCEE_2019;ITM_HG_LYCEE_2019_T01;1;1;CAPACITE;Mobiliser les notions essentielles : Sociétés et pouvoirs;Identifier, expliquer et mobiliser les principaux repères liés à ce thème.;SRC_EDUSCOL_LGT_PROGRAMMES_2026
ITM_HG_LYCEE_2019_T02;PRG_HG_LYCEE_2019;;2;;THEME;Territoires et mondialisation;Territoires et mondialisation : repères structurants du programme.;SRC_EDUSCOL_LGT_PROGRAMMES_2026
ITM_HG_LYCEE_2019_T02_C01;PRG_HG_LYCEE_2019;ITM_HG_LYCEE_2019_T02;2;1;CAPACITE;Mobiliser les notions essentielles : Territoires et mondialisation;Identifier, expliquer et mobiliser les principaux repères liés à ce thème.;SRC_EDUSCOL_LGT_PROGRAMMES_2026
ITM_HG_LYCEE_2019_T03;PRG_HG_LYCEE_2019;;3;;THEME;Environnement et mobilités;Environnement et mobilités : repères structurants du programme.;SRC_EDUSCOL_LGT_PROGRAMMES_2026
ITM_HG_LYCEE_2019_T03_C01;PRG_HG_LYCEE_2019;ITM_HG_LYCEE_2019_T03;3;1;CAPACITE;Mobiliser les notions essentielles : Environnement et mobilités;Identifier, expliquer et mobiliser les principaux repères liés à ce thème.;SRC_EDUSCOL_LGT_PROGRAMMES_2026
ITM_EMC_LYCEE_2024_T01;PRG_EMC_LYCEE_2024;;1;;THEME;Liberté;Liberté : repères structurants du programme.;SRC_EDUSCOL_LGT_PROGRAMMES_2026
ITM_EMC_LYCEE_2024_T01_C01;PRG_EMC_LYCEE_2024;ITM_EMC_LYCEE_2024_T01;1;1;CAPACITE;Mobiliser les notions essentielles : Liberté;Identifier, expliquer et mobiliser les principaux repères liés à ce thème.;SRC_EDUSCOL_LGT_PROGRAMMES_2026
ITM_EMC_LYCEE_2024_T02;PRG_EMC_LYCEE_2024;;2;;THEME;Société;Société : repères structurants du programme.;SRC_EDUSCOL_LGT_PROGRAMMES_2026
ITM_EMC_LYCEE_2024_T02_C01;PRG_EMC_LYCEE_2024;ITM_EMC_LYCEE_2024_T02;2;1;CAPACITE;Mobiliser les notions essentielles : Société;Identifier, expliquer et mobiliser les principaux repères liés à ce thème.;SRC_EDUSCOL_LGT_PROGRAMMES_2026
ITM_EMC_LYCEE_2024_T03;PRG_EMC_LYCEE_2024;;3;;THEME;Démocratie et citoyenneté;Démocratie et citoyenneté : repères structurants du programme.;SRC_EDUSCOL_LGT_PROGRAMMES_2026
ITM_EMC_LYCEE_2024_T03_C01;PRG_EMC_LYCEE_2024;ITM_EMC_LYCEE_2024_T03;3;1;CAPACITE;Mobiliser les notions essentielles : Démocratie et citoyenneté;Identifier, expliquer et mobiliser les principaux repères liés à ce thème.;SRC_EDUSCOL_LGT_PROGRAMMES_2026
ITM_LVE_LYCEE_2025_T01;PRG_LVE_LYCEE_2025;;1;;THEME;Compréhension et réception;Compréhension et réception : repères structurants du programme.;SRC_EDUSCOL_LGT_PROGRAMMES_2026
ITM_LVE_LYCEE_2025_T01_C01;PRG_LVE_LYCEE_2025;ITM_LVE_LYCEE_2025_T01;1;1;CAPACITE;Mobiliser les notions essentielles : Compréhension et réception;Identifier, expliquer et mobiliser les principaux repères liés à ce thème.;SRC_EDUSCOL_LGT_PROGRAMMES_2026
ITM_LVE_LYCEE_2025_T02;PRG_LVE_LYCEE_2025;;2;;THEME;Expression et interaction;Expression et interaction : repères structurants du programme.;SRC_EDUSCOL_LGT_PROGRAMMES_2026
ITM_LVE_LYCEE_2025_T02_C01;PRG_LVE_LYCEE_2025;ITM_LVE_LYCEE_2025_T02;2;1;CAPACITE;Mobiliser les notions essentielles : Expression et interaction;Identifier, expliquer et mobiliser les principaux repères liés à ce thème.;SRC_EDUSCOL_LGT_PROGRAMMES_2026
ITM_LVE_LYCEE_2025_T03;PRG_LVE_LYCEE_2025;;3;;THEME;Repères culturels et interculturels;Repères culturels et interculturels : repères structurants du programme.;SRC_EDUSCOL_LGT_PROGRAMMES_2026
ITM_LVE_LYCEE_2025_T03_C01;PRG_LVE_LYCEE_2025;ITM_LVE_LYCEE_2025_T03;3;1;CAPACITE;Mobiliser les notions essentielles : Repères culturels et interculturels;Identifier, expliquer et mobiliser les principaux repères liés à ce thème.;SRC_EDUSCOL_LGT_PROGRAMMES_2026
ITM_EPS_LYCEE_2019_T01;PRG_EPS_LYCEE_2019;;1;;THEME;Réaliser une performance;Réaliser une performance : repères structurants du programme.;SRC_EDUSCOL_LGT_PROGRAMMES_2026
ITM_EPS_LYCEE_2019_T01_C01;PRG_EPS_LYCEE_2019;ITM_EPS_LYCEE_2019_T01;1;1;CAPACITE;Mobiliser les notions essentielles : Réaliser une performance;Identifier, expliquer et mobiliser les principaux repères liés à ce thème.;SRC_EDUSCOL_LGT_PROGRAMMES_2026
ITM_EPS_LYCEE_2019_T02;PRG_EPS_LYCEE_2019;;2;;THEME;Adapter ses déplacements;Adapter ses déplacements : repères structurants du programme.;SRC_EDUSCOL_LGT_PROGRAMMES_2026
ITM_EPS_LYCEE_2019_T02_C01;PRG_EPS_LYCEE_2019;ITM_EPS_LYCEE_2019_T02;2;1;CAPACITE;Mobiliser les notions essentielles : Adapter ses déplacements;Identifier, expliquer et mobiliser les principaux repères liés à ce thème.;SRC_EDUSCOL_LGT_PROGRAMMES_2026
ITM_EPS_LYCEE_2019_T03;PRG_EPS_LYCEE_2019;;3;;THEME;Conduire et maîtriser un affrontement;Conduire et maîtriser un affrontement : repères structurants du programme.;SRC_EDUSCOL_LGT_PROGRAMMES_2026
ITM_EPS_LYCEE_2019_T03_C01;PRG_EPS_LYCEE_2019;ITM_EPS_LYCEE_2019_T03;3;1;CAPACITE;Mobiliser les notions essentielles : Conduire et maîtriser un affrontement;Identifier, expliquer et mobiliser les principaux repères liés à ce thème.;SRC_EDUSCOL_LGT_PROGRAMMES_2026
ITM_PC_2GT_2019_T01;PRG_PC_2GT_2019;;1;;THEME;Constitution et transformations de la matière;Constitution et transformations de la matière : repères structurants du programme.;SRC_EDUSCOL_LGT_PROGRAMMES_2026
ITM_PC_2GT_2019_T01_C01;PRG_PC_2GT_2019;ITM_PC_2GT_2019_T01;1;1;CAPACITE;Mobiliser les notions essentielles : Constitution et transformations de la matière;Identifier, expliquer et mobiliser les principaux repères liés à ce thème.;SRC_EDUSCOL_LGT_PROGRAMMES_2026
ITM_PC_2GT_2019_T02;PRG_PC_2GT_2019;;2;;THEME;Mouvement et interactions;Mouvement et interactions : repères structurants du programme.;SRC_EDUSCOL_LGT_PROGRAMMES_2026
ITM_PC_2GT_2019_T02_C01;PRG_PC_2GT_2019;ITM_PC_2GT_2019_T02;2;1;CAPACITE;Mobiliser les notions essentielles : Mouvement et interactions;Identifier, expliquer et mobiliser les principaux repères liés à ce thème.;SRC_EDUSCOL_LGT_PROGRAMMES_2026
ITM_PC_2GT_2019_T03;PRG_PC_2GT_2019;;3;;THEME;Ondes et signaux;Ondes et signaux : repères structurants du programme.;SRC_EDUSCOL_LGT_PROGRAMMES_2026
ITM_PC_2GT_2019_T03_C01;PRG_PC_2GT_2019;ITM_PC_2GT_2019_T03;3;1;CAPACITE;Mobiliser les notions essentielles : Ondes et signaux;Identifier, expliquer et mobiliser les principaux repères liés à ce thème.;SRC_EDUSCOL_LGT_PROGRAMMES_2026
ITM_SVT_2GT_2019_T01;PRG_SVT_2GT_2019;;1;;THEME;Terre, vie et évolution;Terre, vie et évolution : repères structurants du programme.;SRC_EDUSCOL_LGT_PROGRAMMES_2026
ITM_SVT_2GT_2019_T01_C01;PRG_SVT_2GT_2019;ITM_SVT_2GT_2019_T01;1;1;CAPACITE;Mobiliser les notions essentielles : Terre, vie et évolution;Identifier, expliquer et mobiliser les principaux repères liés à ce thème.;SRC_EDUSCOL_LGT_PROGRAMMES_2026
ITM_SVT_2GT_2019_T02;PRG_SVT_2GT_2019;;2;;THEME;Enjeux contemporains de la planète;Enjeux contemporains de la planète : repères structurants du programme.;SRC_EDUSCOL_LGT_PROGRAMMES_2026
ITM_SVT_2GT_2019_T02_C01;PRG_SVT_2GT_2019;ITM_SVT_2GT_2019_T02;2;1;CAPACITE;Mobiliser les notions essentielles : Enjeux contemporains de la planète;Identifier, expliquer et mobiliser les principaux repères liés à ce thème.;SRC_EDUSCOL_LGT_PROGRAMMES_2026
ITM_SVT_2GT_2019_T03;PRG_SVT_2GT_2019;;3;;THEME;Corps humain et santé;Corps humain et santé : repères structurants du programme.;SRC_EDUSCOL_LGT_PROGRAMMES_2026
ITM_SVT_2GT_2019_T03_C01;PRG_SVT_2GT_2019;ITM_SVT_2GT_2019_T03;3;1;CAPACITE;Mobiliser les notions essentielles : Corps humain et santé;Identifier, expliquer et mobiliser les principaux repères liés à ce thème.;SRC_EDUSCOL_LGT_PROGRAMMES_2026
ITM_SES_2GT_2019_T01;PRG_SES_2GT_2019;;1;;THEME;Économie;Économie : repères structurants du programme.;SRC_EDUSCOL_LGT_PROGRAMMES_2026
ITM_SES_2GT_2019_T01_C01;PRG_SES_2GT_2019;ITM_SES_2GT_2019_T01;1;1;CAPACITE;Mobiliser les notions essentielles : Économie;Identifier, expliquer et mobiliser les principaux repères liés à ce thème.;SRC_EDUSCOL_LGT_PROGRAMMES_2026
ITM_SES_2GT_2019_T02;PRG_SES_2GT_2019;;2;;THEME;Sociologie;Sociologie : repères structurants du programme.;SRC_EDUSCOL_LGT_PROGRAMMES_2026
ITM_SES_2GT_2019_T02_C01;PRG_SES_2GT_2019;ITM_SES_2GT_2019_T02;2;1;CAPACITE;Mobiliser les notions essentielles : Sociologie;Identifier, expliquer et mobiliser les principaux repères liés à ce thème.;SRC_EDUSCOL_LGT_PROGRAMMES_2026
ITM_SES_2GT_2019_T03;PRG_SES_2GT_2019;;3;;THEME;Science politique et regards croisés;Science politique et regards croisés : repères structurants du programme.;SRC_EDUSCOL_LGT_PROGRAMMES_2026
ITM_SES_2GT_2019_T03_C01;PRG_SES_2GT_2019;ITM_SES_2GT_2019_T03;3;1;CAPACITE;Mobiliser les notions essentielles : Science politique et regards croisés;Identifier, expliquer et mobiliser les principaux repères liés à ce thème.;SRC_EDUSCOL_LGT_PROGRAMMES_2026
ITM_SNT_2GT_2019_T01;PRG_SNT_2GT_2019;;1;;THEME;Internet et Web;Internet et Web : repères structurants du programme.;SRC_EDUSCOL_LGT_PROGRAMMES_2026
ITM_SNT_2GT_2019_T01_C01;PRG_SNT_2GT_2019;ITM_SNT_2GT_2019_T01;1;1;CAPACITE;Mobiliser les notions essentielles : Internet et Web;Identifier, expliquer et mobiliser les principaux repères liés à ce thème.;SRC_EDUSCOL_LGT_PROGRAMMES_2026
ITM_SNT_2GT_2019_T02;PRG_SNT_2GT_2019;;2;;THEME;Données et informatique;Données et informatique : repères structurants du programme.;SRC_EDUSCOL_LGT_PROGRAMMES_2026
ITM_SNT_2GT_2019_T02_C01;PRG_SNT_2GT_2019;ITM_SNT_2GT_2019_T02;2;1;CAPACITE;Mobiliser les notions essentielles : Données et informatique;Identifier, expliquer et mobiliser les principaux repères liés à ce thème.;SRC_EDUSCOL_LGT_PROGRAMMES_2026
ITM_SNT_2GT_2019_T03;PRG_SNT_2GT_2019;;3;;THEME;Réseaux sociaux et objets connectés;Réseaux sociaux et objets connectés : repères structurants du programme.;SRC_EDUSCOL_LGT_PROGRAMMES_2026
ITM_SNT_2GT_2019_T03_C01;PRG_SNT_2GT_2019;ITM_SNT_2GT_2019_T03;3;1;CAPACITE;Mobiliser les notions essentielles : Réseaux sociaux et objets connectés;Identifier, expliquer et mobiliser les principaux repères liés à ce thème.;SRC_EDUSCOL_LGT_PROGRAMMES_2026
ITM_ENS_SCI_2019_T01;PRG_ENS_SCI_2019;;1;;THEME;Science, climat et énergie;Science, climat et énergie : repères structurants du programme.;SRC_EDUSCOL_LGT_PROGRAMMES_2026
ITM_ENS_SCI_2019_T01_C01;PRG_ENS_SCI_2019;ITM_ENS_SCI_2019_T01;1;1;CAPACITE;Mobiliser les notions essentielles : Science, climat et énergie;Identifier, expliquer et mobiliser les principaux repères liés à ce thème.;SRC_EDUSCOL_LGT_PROGRAMMES_2026
ITM_ENS_SCI_2019_T02;PRG_ENS_SCI_2019;;2;;THEME;Histoire et méthodes des sciences;Histoire et méthodes des sciences : repères structurants du programme.;SRC_EDUSCOL_LGT_PROGRAMMES_2026
ITM_ENS_SCI_2019_T02_C01;PRG_ENS_SCI_2019;ITM_ENS_SCI_2019_T02;2;1;CAPACITE;Mobiliser les notions essentielles : Histoire et méthodes des sciences;Identifier, expliquer et mobiliser les principaux repères liés à ce thème.;SRC_EDUSCOL_LGT_PROGRAMMES_2026
ITM_ENS_SCI_2019_T03;PRG_ENS_SCI_2019;;3;;THEME;Numérique et connaissance scientifique;Numérique et connaissance scientifique : repères structurants du programme.;SRC_EDUSCOL_LGT_PROGRAMMES_2026
ITM_ENS_SCI_2019_T03_C01;PRG_ENS_SCI_2019;ITM_ENS_SCI_2019_T03;3;1;CAPACITE;Mobiliser les notions essentielles : Numérique et connaissance scientifique;Identifier, expliquer et mobiliser les principaux repères liés à ce thème.;SRC_EDUSCOL_LGT_PROGRAMMES_2026
ITM_PHILO_TERM_2019_T01;PRG_PHILO_TERM_2019;;1;;THEME;Existence et culture;Existence et culture : repères structurants du programme.;SRC_EDUSCOL_LGT_PROGRAMMES_2026
ITM_PHILO_TERM_2019_T01_C01;PRG_PHILO_TERM_2019;ITM_PHILO_TERM_2019_T01;1;1;CAPACITE;Mobiliser les notions essentielles : Existence et culture;Identifier, expliquer et mobiliser les principaux repères liés à ce thème.;SRC_EDUSCOL_LGT_PROGRAMMES_2026
ITM_PHILO_TERM_2019_T02;PRG_PHILO_TERM_2019;;2;;THEME;Morale et politique;Morale et politique : repères structurants du programme.;SRC_EDUSCOL_LGT_PROGRAMMES_2026
ITM_PHILO_TERM_2019_T02_C01;PRG_PHILO_TERM_2019;ITM_PHILO_TERM_2019_T02;2;1;CAPACITE;Mobiliser les notions essentielles : Morale et politique;Identifier, expliquer et mobiliser les principaux repères liés à ce thème.;SRC_EDUSCOL_LGT_PROGRAMMES_2026
ITM_PHILO_TERM_2019_T03;PRG_PHILO_TERM_2019;;3;;THEME;Connaissance et raison;Connaissance et raison : repères structurants du programme.;SRC_EDUSCOL_LGT_PROGRAMMES_2026
ITM_PHILO_TERM_2019_T03_C01;PRG_PHILO_TERM_2019;ITM_PHILO_TERM_2019_T03;3;1;CAPACITE;Mobiliser les notions essentielles : Connaissance et raison;Identifier, expliquer et mobiliser les principaux repères liés à ce thème.;SRC_EDUSCOL_LGT_PROGRAMMES_2026
ITM_HGGSP_2019_T01;PRG_HGGSP_2019;;1;;THEME;Puissances et conflits;Puissances et conflits : repères structurants du programme.;SRC_EDUSCOL_LGT_PROGRAMMES_2026
ITM_HGGSP_2019_T01_C01;PRG_HGGSP_2019;ITM_HGGSP_2019_T01;1;1;CAPACITE;Mobiliser les notions essentielles : Puissances et conflits;Identifier, expliquer et mobiliser les principaux repères liés à ce thème.;SRC_EDUSCOL_LGT_PROGRAMMES_2026
ITM_HGGSP_2019_T02;PRG_HGGSP_2019;;2;;THEME;Information et opinion;Information et opinion : repères structurants du programme.;SRC_EDUSCOL_LGT_PROGRAMMES_2026
ITM_HGGSP_2019_T02_C01;PRG_HGGSP_2019;ITM_HGGSP_2019_T02;2;1;CAPACITE;Mobiliser les notions essentielles : Information et opinion;Identifier, expliquer et mobiliser les principaux repères liés à ce thème.;SRC_EDUSCOL_LGT_PROGRAMMES_2026
ITM_HGGSP_2019_T03;PRG_HGGSP_2019;;3;;THEME;Environnement et patrimoine;Environnement et patrimoine : repères structurants du programme.;SRC_EDUSCOL_LGT_PROGRAMMES_2026
ITM_HGGSP_2019_T03_C01;PRG_HGGSP_2019;ITM_HGGSP_2019_T03;3;1;CAPACITE;Mobiliser les notions essentielles : Environnement et patrimoine;Identifier, expliquer et mobiliser les principaux repères liés à ce thème.;SRC_EDUSCOL_LGT_PROGRAMMES_2026
ITM_HLP_2019_T01;PRG_HLP_2019;;1;;THEME;Pouvoirs de la parole;Pouvoirs de la parole : repères structurants du programme.;SRC_EDUSCOL_LGT_PROGRAMMES_2026
ITM_HLP_2019_T01_C01;PRG_HLP_2019;ITM_HLP_2019_T01;1;1;CAPACITE;Mobiliser les notions essentielles : Pouvoirs de la parole;Identifier, expliquer et mobiliser les principaux repères liés à ce thème.;SRC_EDUSCOL_LGT_PROGRAMMES_2026
ITM_HLP_2019_T02;PRG_HLP_2019;;2;;THEME;Représentations du monde;Représentations du monde : repères structurants du programme.;SRC_EDUSCOL_LGT_PROGRAMMES_2026
ITM_HLP_2019_T02_C01;PRG_HLP_2019;ITM_HLP_2019_T02;2;1;CAPACITE;Mobiliser les notions essentielles : Représentations du monde;Identifier, expliquer et mobiliser les principaux repères liés à ce thème.;SRC_EDUSCOL_LGT_PROGRAMMES_2026
ITM_HLP_2019_T03;PRG_HLP_2019;;3;;THEME;Humanité en question;Humanité en question : repères structurants du programme.;SRC_EDUSCOL_LGT_PROGRAMMES_2026
ITM_HLP_2019_T03_C01;PRG_HLP_2019;ITM_HLP_2019_T03;3;1;CAPACITE;Mobiliser les notions essentielles : Humanité en question;Identifier, expliquer et mobiliser les principaux repères liés à ce thème.;SRC_EDUSCOL_LGT_PROGRAMMES_2026
ITM_LLCER_2019_T01;PRG_LLCER_2019;;1;;THEME;Langue et communication;Langue et communication : repères structurants du programme.;SRC_EDUSCOL_LGT_PROGRAMMES_2026
ITM_LLCER_2019_T01_C01;PRG_LLCER_2019;ITM_LLCER_2019_T01;1;1;CAPACITE;Mobiliser les notions essentielles : Langue et communication;Identifier, expliquer et mobiliser les principaux repères liés à ce thème.;SRC_EDUSCOL_LGT_PROGRAMMES_2026
ITM_LLCER_2019_T02;PRG_LLCER_2019;;2;;THEME;Littérature et arts;Littérature et arts : repères structurants du programme.;SRC_EDUSCOL_LGT_PROGRAMMES_2026
ITM_LLCER_2019_T02_C01;PRG_LLCER_2019;ITM_LLCER_2019_T02;2;1;CAPACITE;Mobiliser les notions essentielles : Littérature et arts;Identifier, expliquer et mobiliser les principaux repères liés à ce thème.;SRC_EDUSCOL_LGT_PROGRAMMES_2026
ITM_LLCER_2019_T03;PRG_LLCER_2019;;3;;THEME;Cultures et sociétés;Cultures et sociétés : repères structurants du programme.;SRC_EDUSCOL_LGT_PROGRAMMES_2026
ITM_LLCER_2019_T03_C01;PRG_LLCER_2019;ITM_LLCER_2019_T03;3;1;CAPACITE;Mobiliser les notions essentielles : Cultures et sociétés;Identifier, expliquer et mobiliser les principaux repères liés à ce thème.;SRC_EDUSCOL_LGT_PROGRAMMES_2026
ITM_NSI_2019_T01;PRG_NSI_2019;;1;;THEME;Données et algorithmique;Données et algorithmique : repères structurants du programme.;SRC_EDUSCOL_LGT_PROGRAMMES_2026
ITM_NSI_2019_T01_C01;PRG_NSI_2019;ITM_NSI_2019_T01;1;1;CAPACITE;Mobiliser les notions essentielles : Données et algorithmique;Identifier, expliquer et mobiliser les principaux repères liés à ce thème.;SRC_EDUSCOL_LGT_PROGRAMMES_2026
ITM_NSI_2019_T02;PRG_NSI_2019;;2;;THEME;Architectures et réseaux;Architectures et réseaux : repères structurants du programme.;SRC_EDUSCOL_LGT_PROGRAMMES_2026
ITM_NSI_2019_T02_C01;PRG_NSI_2019;ITM_NSI_2019_T02;2;1;CAPACITE;Mobiliser les notions essentielles : Architectures et réseaux;Identifier, expliquer et mobiliser les principaux repères liés à ce thème.;SRC_EDUSCOL_LGT_PROGRAMMES_2026
ITM_NSI_2019_T03;PRG_NSI_2019;;3;;THEME;Langages et programmation;Langages et programmation : repères structurants du programme.;SRC_EDUSCOL_LGT_PROGRAMMES_2026
ITM_NSI_2019_T03_C01;PRG_NSI_2019;ITM_NSI_2019_T03;3;1;CAPACITE;Mobiliser les notions essentielles : Langages et programmation;Identifier, expliquer et mobiliser les principaux repères liés à ce thème.;SRC_EDUSCOL_LGT_PROGRAMMES_2026
ITM_PC_SPEC_2019_T01;PRG_PC_SPEC_2019;;1;;THEME;Matière et transformations;Matière et transformations : repères structurants du programme.;SRC_EDUSCOL_LGT_PROGRAMMES_2026
ITM_PC_SPEC_2019_T01_C01;PRG_PC_SPEC_2019;ITM_PC_SPEC_2019_T01;1;1;CAPACITE;Mobiliser les notions essentielles : Matière et transformations;Identifier, expliquer et mobiliser les principaux repères liés à ce thème.;SRC_EDUSCOL_LGT_PROGRAMMES_2026
ITM_PC_SPEC_2019_T02;PRG_PC_SPEC_2019;;2;;THEME;Mouvement, énergie et interactions;Mouvement, énergie et interactions : repères structurants du programme.;SRC_EDUSCOL_LGT_PROGRAMMES_2026
ITM_PC_SPEC_2019_T02_C01;PRG_PC_SPEC_2019;ITM_PC_SPEC_2019_T02;2;1;CAPACITE;Mobiliser les notions essentielles : Mouvement, énergie et interactions;Identifier, expliquer et mobiliser les principaux repères liés à ce thème.;SRC_EDUSCOL_LGT_PROGRAMMES_2026
ITM_PC_SPEC_2019_T03;PRG_PC_SPEC_2019;;3;;THEME;Ondes, signaux et mesures;Ondes, signaux et mesures : repères structurants du programme.;SRC_EDUSCOL_LGT_PROGRAMMES_2026
ITM_PC_SPEC_2019_T03_C01;PRG_PC_SPEC_2019;ITM_PC_SPEC_2019_T03;3;1;CAPACITE;Mobiliser les notions essentielles : Ondes, signaux et mesures;Identifier, expliquer et mobiliser les principaux repères liés à ce thème.;SRC_EDUSCOL_LGT_PROGRAMMES_2026
ITM_SVT_SPEC_2019_T01;PRG_SVT_SPEC_2019;;1;;THEME;Génétique et évolution;Génétique et évolution : repères structurants du programme.;SRC_EDUSCOL_LGT_PROGRAMMES_2026
ITM_SVT_SPEC_2019_T01_C01;PRG_SVT_SPEC_2019;ITM_SVT_SPEC_2019_T01;1;1;CAPACITE;Mobiliser les notions essentielles : Génétique et évolution;Identifier, expliquer et mobiliser les principaux repères liés à ce thème.;SRC_EDUSCOL_LGT_PROGRAMMES_2026
ITM_SVT_SPEC_2019_T02;PRG_SVT_SPEC_2019;;2;;THEME;Enjeux planétaires contemporains;Enjeux planétaires contemporains : repères structurants du programme.;SRC_EDUSCOL_LGT_PROGRAMMES_2026
ITM_SVT_SPEC_2019_T02_C01;PRG_SVT_SPEC_2019;ITM_SVT_SPEC_2019_T02;2;1;CAPACITE;Mobiliser les notions essentielles : Enjeux planétaires contemporains;Identifier, expliquer et mobiliser les principaux repères liés à ce thème.;SRC_EDUSCOL_LGT_PROGRAMMES_2026
ITM_SVT_SPEC_2019_T03;PRG_SVT_SPEC_2019;;3;;THEME;Corps humain et santé;Corps humain et santé : repères structurants du programme.;SRC_EDUSCOL_LGT_PROGRAMMES_2026
ITM_SVT_SPEC_2019_T03_C01;PRG_SVT_SPEC_2019;ITM_SVT_SPEC_2019_T03;3;1;CAPACITE;Mobiliser les notions essentielles : Corps humain et santé;Identifier, expliquer et mobiliser les principaux repères liés à ce thème.;SRC_EDUSCOL_LGT_PROGRAMMES_2026
ITM_SI_2019_T01;PRG_SI_2019;;1;;THEME;Analyser les systèmes;Analyser les systèmes : repères structurants du programme.;SRC_EDUSCOL_LGT_PROGRAMMES_2026
ITM_SI_2019_T01_C01;PRG_SI_2019;ITM_SI_2019_T01;1;1;CAPACITE;Mobiliser les notions essentielles : Analyser les systèmes;Identifier, expliquer et mobiliser les principaux repères liés à ce thème.;SRC_EDUSCOL_LGT_PROGRAMMES_2026
ITM_SI_2019_T02;PRG_SI_2019;;2;;THEME;Modéliser et simuler;Modéliser et simuler : repères structurants du programme.;SRC_EDUSCOL_LGT_PROGRAMMES_2026
ITM_SI_2019_T02_C01;PRG_SI_2019;ITM_SI_2019_T02;2;1;CAPACITE;Mobiliser les notions essentielles : Modéliser et simuler;Identifier, expliquer et mobiliser les principaux repères liés à ce thème.;SRC_EDUSCOL_LGT_PROGRAMMES_2026
ITM_SI_2019_T03;PRG_SI_2019;;3;;THEME;Concevoir et expérimenter;Concevoir et expérimenter : repères structurants du programme.;SRC_EDUSCOL_LGT_PROGRAMMES_2026
ITM_SI_2019_T03_C01;PRG_SI_2019;ITM_SI_2019_T03;3;1;CAPACITE;Mobiliser les notions essentielles : Concevoir et expérimenter;Identifier, expliquer et mobiliser les principaux repères liés à ce thème.;SRC_EDUSCOL_LGT_PROGRAMMES_2026
ITM_SES_SPEC_2019_T01;PRG_SES_SPEC_2019;;1;;THEME;Science économique;Science économique : repères structurants du programme.;SRC_EDUSCOL_LGT_PROGRAMMES_2026
ITM_SES_SPEC_2019_T01_C01;PRG_SES_SPEC_2019;ITM_SES_SPEC_2019_T01;1;1;CAPACITE;Mobiliser les notions essentielles : Science économique;Identifier, expliquer et mobiliser les principaux repères liés à ce thème.;SRC_EDUSCOL_LGT_PROGRAMMES_2026
ITM_SES_SPEC_2019_T02;PRG_SES_SPEC_2019;;2;;THEME;Sociologie et science politique;Sociologie et science politique : repères structurants du programme.;SRC_EDUSCOL_LGT_PROGRAMMES_2026
ITM_SES_SPEC_2019_T02_C01;PRG_SES_SPEC_2019;ITM_SES_SPEC_2019_T02;2;1;CAPACITE;Mobiliser les notions essentielles : Sociologie et science politique;Identifier, expliquer et mobiliser les principaux repères liés à ce thème.;SRC_EDUSCOL_LGT_PROGRAMMES_2026
ITM_SES_SPEC_2019_T03;PRG_SES_SPEC_2019;;3;;THEME;Regards croisés;Regards croisés : repères structurants du programme.;SRC_EDUSCOL_LGT_PROGRAMMES_2026
ITM_SES_SPEC_2019_T03_C01;PRG_SES_SPEC_2019;ITM_SES_SPEC_2019_T03;3;1;CAPACITE;Mobiliser les notions essentielles : Regards croisés;Identifier, expliquer et mobiliser les principaux repères liés à ce thème.;SRC_EDUSCOL_LGT_PROGRAMMES_2026
ITM_ARTS_SPEC_2019_T01;PRG_ARTS_SPEC_2019;;1;;THEME;Pratique et création;Pratique et création : repères structurants du programme.;SRC_EDUSCOL_LGT_PROGRAMMES_2026
ITM_ARTS_SPEC_2019_T01_C01;PRG_ARTS_SPEC_2019;ITM_ARTS_SPEC_2019_T01;1;1;CAPACITE;Mobiliser les notions essentielles : Pratique et création;Identifier, expliquer et mobiliser les principaux repères liés à ce thème.;SRC_EDUSCOL_LGT_PROGRAMMES_2026
ITM_ARTS_SPEC_2019_T02;PRG_ARTS_SPEC_2019;;2;;THEME;Culture artistique;Culture artistique : repères structurants du programme.;SRC_EDUSCOL_LGT_PROGRAMMES_2026
ITM_ARTS_SPEC_2019_T02_C01;PRG_ARTS_SPEC_2019;ITM_ARTS_SPEC_2019_T02;2;1;CAPACITE;Mobiliser les notions essentielles : Culture artistique;Identifier, expliquer et mobiliser les principaux repères liés à ce thème.;SRC_EDUSCOL_LGT_PROGRAMMES_2026
ITM_ARTS_SPEC_2019_T03;PRG_ARTS_SPEC_2019;;3;;THEME;Projet et présentation;Projet et présentation : repères structurants du programme.;SRC_EDUSCOL_LGT_PROGRAMMES_2026
ITM_ARTS_SPEC_2019_T03_C01;PRG_ARTS_SPEC_2019;ITM_ARTS_SPEC_2019_T03;3;1;CAPACITE;Mobiliser les notions essentielles : Projet et présentation;Identifier, expliquer et mobiliser les principaux repères liés à ce thème.;SRC_EDUSCOL_LGT_PROGRAMMES_2026
ITM_EPPCS_2021_T01;PRG_EPPCS_2021;;1;;THEME;Pratique physique et performance;Pratique physique et performance : repères structurants du programme.;SRC_EDUSCOL_LGT_PROGRAMMES_2026
ITM_EPPCS_2021_T01_C01;PRG_EPPCS_2021;ITM_EPPCS_2021_T01;1;1;CAPACITE;Mobiliser les notions essentielles : Pratique physique et performance;Identifier, expliquer et mobiliser les principaux repères liés à ce thème.;SRC_EDUSCOL_LGT_PROGRAMMES_2026
ITM_EPPCS_2021_T02;PRG_EPPCS_2021;;2;;THEME;Culture sportive;Culture sportive : repères structurants du programme.;SRC_EDUSCOL_LGT_PROGRAMMES_2026
ITM_EPPCS_2021_T02_C01;PRG_EPPCS_2021;ITM_EPPCS_2021_T02;2;1;CAPACITE;Mobiliser les notions essentielles : Culture sportive;Identifier, expliquer et mobiliser les principaux repères liés à ce thème.;SRC_EDUSCOL_LGT_PROGRAMMES_2026
ITM_EPPCS_2021_T03;PRG_EPPCS_2021;;3;;THEME;Projet et analyse de pratique;Projet et analyse de pratique : repères structurants du programme.;SRC_EDUSCOL_LGT_PROGRAMMES_2026
ITM_EPPCS_2021_T03_C01;PRG_EPPCS_2021;ITM_EPPCS_2021_T03;3;1;CAPACITE;Mobiliser les notions essentielles : Projet et analyse de pratique;Identifier, expliquer et mobiliser les principaux repères liés à ce thème.;SRC_EDUSCOL_LGT_PROGRAMMES_2026
ITM_MATOLD_4E_ATT_NOMBRES_PUISS;PRG_MAT_C4_2020;ITM_MATOLD_4E_00;4E;1;CAPACITE;Nombres, puissances et notation scientifique;Utiliser puissances de 10, notation scientifique, carrés parfaits et racine carrée.;SRC_EDUSCOL_MAT_4E_ATTENDUS
ITM_MATOLD_4E_ATT_RATIONNELS;PRG_MAT_C4_2020;ITM_MATOLD_4E_00;4E;2;CAPACITE;Calcul avec les nombres rationnels;Calculer avec les nombres rationnels, les inverses et contrôler les ordres de grandeur.;SRC_EDUSCOL_MAT_4E_ATTENDUS
ITM_MATOLD_4E_ATT_DIVISIBILITE;PRG_MAT_C4_2020;ITM_MATOLD_4E_00;4E;3;CAPACITE;Divisibilité et nombres premiers;Décomposer en facteurs premiers et utiliser cette décomposition pour les fractions et les problèmes.;SRC_EDUSCOL_MAT_4E_ATTENDUS
ITM_MATOLD_4E_ATT_LITTERAL;PRG_MAT_C4_2020;ITM_MATOLD_4E_00;4E;4;CAPACITE;Calcul littéral;Développer, factoriser et réduire par distributivité simple et comparer des programmes de calcul.;SRC_EDUSCOL_MAT_4E_ATTENDUS
ITM_MATOLD_4E_ATT_EQUATIONS;PRG_MAT_C4_2020;ITM_MATOLD_4E_00;4E;5;CAPACITE;Équations du premier degré;Mettre un problème en équation, tester une solution et résoudre une équation du premier degré.;SRC_EDUSCOL_MAT_4E_ATTENDUS
ITM_MATOLD_4E_ATT_STAT;PRG_MAT_C4_2020;ITM_MATOLD_4E_00;4E;6;CAPACITE;Données et médiane;Lire et représenter des données, notamment par diagramme circulaire, et calculer une médiane.;SRC_EDUSCOL_MAT_4E_ATTENDUS
ITM_MATOLD_4E_ATT_PROBA;PRG_MAT_C4_2020;ITM_MATOLD_4E_00;4E;7;CAPACITE;Probabilités;Utiliser le vocabulaire des événements, l’événement contraire et calculer des probabilités simples.;SRC_EDUSCOL_MAT_4E_ATTENDUS
ITM_MATOLD_4E_ATT_PROPORTION;PRG_MAT_C4_2020;ITM_MATOLD_4E_00;4E;8;CAPACITE;Proportionnalité;Reconnaître une proportionnalité, calculer une quatrième proportionnelle et utiliser des formules.;SRC_EDUSCOL_MAT_4E_ATTENDUS
ITM_MATOLD_4E_ATT_FONCTIONS;PRG_MAT_C4_2020;ITM_MATOLD_4E_00;4E;9;CAPACITE;Notion de fonction;Lire une relation fonctionnelle, déterminer images et antécédents à partir de représentations.;SRC_EDUSCOL_MAT_4E_ATTENDUS
ITM_MATOLD_4E_ATT_GRANDEURS;PRG_MAT_C4_2020;ITM_MATOLD_4E_00;4E;10;CAPACITE;Volumes et grandeurs composées;Calculer les volumes de pyramides et cônes et convertir vitesses ou débits.;SRC_EDUSCOL_MAT_4E_ATTENDUS
ITM_MATOLD_4E_ATT_TRANSFO;PRG_MAT_C4_2020;ITM_MATOLD_4E_00;4E;11;CAPACITE;Agrandissements et translations;Utiliser agrandissement, réduction et translation pour calculer et raisonner.;SRC_EDUSCOL_MAT_4E_ATTENDUS
ITM_MATOLD_4E_ATT_ESPACE;PRG_MAT_C4_2020;ITM_MATOLD_4E_00;4E;12;CAPACITE;Repérage et solides dans l’espace;Se repérer dans un pavé droit et relier perspective cavalière et patrons de pyramides ou cônes.;SRC_EDUSCOL_MAT_4E_ATTENDUS
ITM_MATOLD_4E_ATT_PYTHAGORE;PRG_MAT_C4_2020;ITM_MATOLD_4E_00;4E;13;CAPACITE;Théorème de Pythagore;Utiliser le théorème de Pythagore et sa réciproque pour calculer ou démontrer.;SRC_EDUSCOL_MAT_4E_ATTENDUS
ITM_MATOLD_4E_ATT_THALES;PRG_MAT_C4_2020;ITM_MATOLD_4E_00;4E;14;CAPACITE;Théorème de Thalès;Utiliser le théorème de Thalès et sa réciproque dans une configuration de triangles emboîtés.;SRC_EDUSCOL_MAT_4E_ATTENDUS
ITM_MATOLD_4E_ATT_COSINUS;PRG_MAT_C4_2020;ITM_MATOLD_4E_00;4E;15;CAPACITE;Cosinus dans le triangle rectangle;Utiliser le cosinus pour déterminer une longueur ou la mesure d’un angle.;SRC_EDUSCOL_MAT_4E_ATTENDUS
ITM_MATOLD_4E_ATT_DEMONSTRATION;PRG_MAT_C4_2020;ITM_MATOLD_4E_00;4E;16;CAPACITE;Raisonnement géométrique;Mobiliser propriétés et configurations pour construire, calculer et démontrer.;SRC_EDUSCOL_MAT_4E_ATTENDUS
ITM_MATOLD_4E_ATT_ALGO;PRG_MAT_C4_2020;ITM_MATOLD_4E_00;4E;17;CAPACITE;Algorithmique et programmation;Écrire, compléter, tester et modifier des programmes avec boucles, conditions et variables.;SRC_EDUSCOL_MAT_4E_ATTENDUS
ITM_MATOLD_3E_ATT_PUISS;PRG_MAT_C4_2020;ITM_MATOLD_3E_00;3E;1;CAPACITE;Puissances et notation scientifique;Calculer et résoudre des problèmes avec puissances d’exposants positifs ou négatifs et notation scientifique.;SRC_EDUSCOL_MAT_3E_ATTENDUS
ITM_MATOLD_3E_ATT_RATIONNELS;PRG_MAT_C4_2020;ITM_MATOLD_3E_00;3E;2;CAPACITE;Nombres rationnels et racines carrées;Calculer avec les rationnels et résoudre des problèmes mobilisant les racines carrées.;SRC_EDUSCOL_MAT_3E_ATTENDUS
ITM_MATOLD_3E_ATT_DIVISIBILITE;PRG_MAT_C4_2020;ITM_MATOLD_3E_00;3E;3;CAPACITE;Divisibilité et facteurs premiers;Décomposer en facteurs premiers, rendre une fraction irréductible et résoudre des problèmes de divisibilité.;SRC_EDUSCOL_MAT_3E_ATTENDUS
ITM_MATOLD_3E_ATT_LITTERAL;PRG_MAT_C4_2020;ITM_MATOLD_3E_00;3E;4;CAPACITE;Calcul littéral avancé;Développer par simple et double distributivité, factoriser et réduire des expressions algébriques.;SRC_EDUSCOL_MAT_3E_ATTENDUS
ITM_MATOLD_3E_ATT_EQUATIONS;PRG_MAT_C4_2020;ITM_MATOLD_3E_00;3E;5;CAPACITE;Équations et équations-produits;Résoudre des équations du premier degré, des équations-produits et des équations simples de la forme x²=a.;SRC_EDUSCOL_MAT_3E_ATTENDUS
ITM_MATOLD_3E_ATT_STAT;PRG_MAT_C4_2020;ITM_MATOLD_3E_00;3E;6;CAPACITE;Statistiques et histogrammes;Lire des histogrammes, calculer étendue, effectifs et fréquences et interpréter des données.;SRC_EDUSCOL_MAT_3E_ATTENDUS
ITM_MATOLD_3E_ATT_PROBA;PRG_MAT_C4_2020;ITM_MATOLD_3E_00;3E;7;CAPACITE;Probabilités et simulation;Calculer des probabilités, dénombrer des issues et comparer fréquences simulées et probabilités théoriques.;SRC_EDUSCOL_MAT_3E_ATTENDUS
ITM_MATOLD_3E_ATT_PROPORTION;PRG_MAT_C4_2020;ITM_MATOLD_3E_00;3E;8;CAPACITE;Proportionnalité et évolution;Modéliser une proportionnalité par une fonction linéaire et relier pourcentage d’évolution et coefficient multiplicateur.;SRC_EDUSCOL_MAT_3E_ATTENDUS
ITM_MATOLD_3E_ATT_FONCTIONS;PRG_MAT_C4_2020;ITM_MATOLD_3E_00;3E;9;CAPACITE;Fonctions;Utiliser vocabulaire et notations, changer de représentation et déterminer images ou antécédents.;SRC_EDUSCOL_MAT_3E_ATTENDUS
ITM_MATOLD_3E_ATT_LINEAIRE_AFFINE;PRG_MAT_C4_2020;ITM_MATOLD_3E_00;3E;10;CAPACITE;Fonctions linéaires et affines;Reconnaître, représenter et exploiter des fonctions linéaires ou affines dans des situations.;SRC_EDUSCOL_MAT_3E_ATTENDUS
ITM_MATOLD_3E_ATT_GRANDEURS;PRG_MAT_C4_2020;ITM_MATOLD_3E_00;3E;11;CAPACITE;Grandeurs composées et volumes;Calculer des volumes composés, convertir vitesses et débits et vérifier la cohérence des unités.;SRC_EDUSCOL_MAT_3E_ATTENDUS
ITM_MATOLD_3E_ATT_HOMOTHETIE;PRG_MAT_C4_2020;ITM_MATOLD_3E_00;3E;12;CAPACITE;Homothétie;Utiliser une homothétie et son rapport pour calculer longueurs, aires et volumes.;SRC_EDUSCOL_MAT_3E_ATTENDUS
ITM_MATOLD_3E_ATT_ESPACE;PRG_MAT_C4_2020;ITM_MATOLD_3E_00;3E;13;CAPACITE;Repérage sur la sphère et sections;Utiliser latitude et longitude et relier différentes représentations et sections de solides.;SRC_EDUSCOL_MAT_3E_ATTENDUS
ITM_MATOLD_3E_ATT_THALES;PRG_MAT_C4_2020;ITM_MATOLD_3E_00;3E;14;CAPACITE;Thalès et triangles semblables;Utiliser Thalès dans la configuration papillon et exploiter les triangles semblables.;SRC_EDUSCOL_MAT_3E_ATTENDUS
ITM_MATOLD_3E_ATT_TRIGO;PRG_MAT_C4_2020;ITM_MATOLD_3E_00;3E;15;CAPACITE;Trigonométrie dans le triangle rectangle;Utiliser cosinus, sinus et tangente pour calculer longueurs ou angles.;SRC_EDUSCOL_MAT_3E_ATTENDUS
ITM_MATOLD_3E_ATT_TRANSFO;PRG_MAT_C4_2020;ITM_MATOLD_3E_00;3E;16;CAPACITE;Rotations et homothéties;Transformer des figures par rotation ou homothétie et exploiter leurs propriétés.;SRC_EDUSCOL_MAT_3E_ATTENDUS
ITM_MATOLD_3E_ATT_DEMONSTRATION;PRG_MAT_C4_2020;ITM_MATOLD_3E_00;3E;17;CAPACITE;Raisonnement et démonstration;Mener des raisonnements géométriques en mobilisant théorèmes, transformations et configurations.;SRC_EDUSCOL_MAT_3E_ATTENDUS
ITM_MATOLD_3E_ATT_ALGO;PRG_MAT_C4_2020;ITM_MATOLD_3E_00;3E;18;CAPACITE;Algorithmique et programmation avancée;Décomposer un problème, créer des blocs, combiner boucles et conditions et programmer des simulations.;SRC_EDUSCOL_MAT_3E_ATTENDUS
