modele_id;texte_id;texte
C5_ITM_MAT_C4_01_01_01_001;intention;identifier
C5_ITM_MAT_C4_01_01_01_001;notion;Calculer et utiliser des produits et quotients
C5_ITM_MAT_C4_01_01_01_001;definition;Choisir et effectuer correctement une multiplication ou une division selon la situation.
C5_ITM_MAT_C4_01_01_01_001;rappel;Cherche la propriété ou la démarche qui caractérise précisément la notion demandée.
C5_ITM_MAT_C4_01_01_01_001;enonce;Quelle description correspond le mieux à « Calculer et utiliser des produits et quotients » ?
C5_ITM_MAT_C4_01_01_01_001;option_1;Choisir et effectuer correctement une multiplication ou une division selon la situation.
C5_ITM_MAT_C4_01_01_01_001;option_2;Effectuer d'abord les calculs entre parenthèses, puis les multiplications et divisions avant les additions et soustractions.
C5_ITM_MAT_C4_01_01_01_001;option_3;Placer des nombres positifs et négatifs par rapport à zéro sur un axe gradué.
C5_ITM_MAT_C4_01_01_01_001;option_4;Calculer une somme ou une différence comportant des nombres positifs et négatifs.
C5_ITM_MAT_C4_01_01_01_001;correcte;1
C5_ITM_MAT_C4_01_01_01_001;feedback_1;[[Je vois]] La question porte sur « Calculer et utiliser des produits et quotients ». [[Je sais]] Choisir et effectuer correctement une multiplication ou une division selon la situation. [[J'en déduis]] Cette description correspond bien à la notion demandée.
C5_ITM_MAT_C4_01_01_01_001;feedback_2;Cette proposition décrit une autre notion du programme. Compare-la avec la définition et le rappel.
C5_ITM_MAT_C4_01_01_01_001;feedback_3;Cette proposition décrit une autre notion du programme. Compare-la avec la définition et le rappel.
C5_ITM_MAT_C4_01_01_01_001;feedback_4;Cette proposition décrit une autre notion du programme. Compare-la avec la définition et le rappel.
C5_ITM_MAT_C4_01_01_02_001;intention;identifier
C5_ITM_MAT_C4_01_01_02_001;notion;Priorités opératoires
C5_ITM_MAT_C4_01_01_02_001;definition;Effectuer d'abord les calculs entre parenthèses, puis les multiplications et divisions avant les additions et soustractions.
C5_ITM_MAT_C4_01_01_02_001;rappel;Cherche la propriété ou la démarche qui caractérise précisément la notion demandée.
C5_ITM_MAT_C4_01_01_02_001;enonce;Quelle description correspond le mieux à « Priorités opératoires » ?
C5_ITM_MAT_C4_01_01_02_001;option_1;Effectuer d'abord les calculs entre parenthèses, puis les multiplications et divisions avant les additions et soustractions.
C5_ITM_MAT_C4_01_01_02_001;option_2;Choisir et effectuer correctement une multiplication ou une division selon la situation.
C5_ITM_MAT_C4_01_01_02_001;option_3;Placer des nombres positifs et négatifs par rapport à zéro sur un axe gradué.
C5_ITM_MAT_C4_01_01_02_001;option_4;Calculer une somme ou une différence comportant des nombres positifs et négatifs.
C5_ITM_MAT_C4_01_01_02_001;correcte;1
C5_ITM_MAT_C4_01_01_02_001;feedback_1;[[Je vois]] La question porte sur « Priorités opératoires ». [[Je sais]] Effectuer d'abord les calculs entre parenthèses, puis les multiplications et divisions avant les additions et soustractions. [[J'en déduis]] Cette description correspond bien à la notion demandée.
C5_ITM_MAT_C4_01_01_02_001;feedback_2;Cette proposition décrit une autre notion du programme. Compare-la avec la définition et le rappel.
C5_ITM_MAT_C4_01_01_02_001;feedback_3;Cette proposition décrit une autre notion du programme. Compare-la avec la définition et le rappel.
C5_ITM_MAT_C4_01_01_02_001;feedback_4;Cette proposition décrit une autre notion du programme. Compare-la avec la définition et le rappel.
C5_ITM_MAT_C4_01_02_01_001;intention;identifier
C5_ITM_MAT_C4_01_02_01_001;notion;Repérer des nombres relatifs
C5_ITM_MAT_C4_01_02_01_001;definition;Placer des nombres positifs et négatifs par rapport à zéro sur un axe gradué.
C5_ITM_MAT_C4_01_02_01_001;rappel;Cherche la propriété ou la démarche qui caractérise précisément la notion demandée.
C5_ITM_MAT_C4_01_02_01_001;enonce;Quelle description correspond le mieux à « Repérer des nombres relatifs » ?
C5_ITM_MAT_C4_01_02_01_001;option_1;Placer des nombres positifs et négatifs par rapport à zéro sur un axe gradué.
C5_ITM_MAT_C4_01_02_01_001;option_2;Choisir et effectuer correctement une multiplication ou une division selon la situation.
C5_ITM_MAT_C4_01_02_01_001;option_3;Effectuer d'abord les calculs entre parenthèses, puis les multiplications et divisions avant les additions et soustractions.
C5_ITM_MAT_C4_01_02_01_001;option_4;Calculer une somme ou une différence comportant des nombres positifs et négatifs.
C5_ITM_MAT_C4_01_02_01_001;correcte;1
C5_ITM_MAT_C4_01_02_01_001;feedback_1;[[Je vois]] La question porte sur « Repérer des nombres relatifs ». [[Je sais]] Placer des nombres positifs et négatifs par rapport à zéro sur un axe gradué. [[J'en déduis]] Cette description correspond bien à la notion demandée.
C5_ITM_MAT_C4_01_02_01_001;feedback_2;Cette proposition décrit une autre notion du programme. Compare-la avec la définition et le rappel.
C5_ITM_MAT_C4_01_02_01_001;feedback_3;Cette proposition décrit une autre notion du programme. Compare-la avec la définition et le rappel.
C5_ITM_MAT_C4_01_02_01_001;feedback_4;Cette proposition décrit une autre notion du programme. Compare-la avec la définition et le rappel.
C5_ITM_MAT_C4_01_02_02_001;intention;identifier
C5_ITM_MAT_C4_01_02_02_001;notion;Additionner et soustraire des relatifs
C5_ITM_MAT_C4_01_02_02_001;definition;Calculer une somme ou une différence comportant des nombres positifs et négatifs.
C5_ITM_MAT_C4_01_02_02_001;rappel;Cherche la propriété ou la démarche qui caractérise précisément la notion demandée.
C5_ITM_MAT_C4_01_02_02_001;enonce;Quelle description correspond le mieux à « Additionner et soustraire des relatifs » ?
C5_ITM_MAT_C4_01_02_02_001;option_1;Calculer une somme ou une différence comportant des nombres positifs et négatifs.
C5_ITM_MAT_C4_01_02_02_001;option_2;Choisir et effectuer correctement une multiplication ou une division selon la situation.
C5_ITM_MAT_C4_01_02_02_001;option_3;Effectuer d'abord les calculs entre parenthèses, puis les multiplications et divisions avant les additions et soustractions.
C5_ITM_MAT_C4_01_02_02_001;option_4;Placer des nombres positifs et négatifs par rapport à zéro sur un axe gradué.
C5_ITM_MAT_C4_01_02_02_001;correcte;1
C5_ITM_MAT_C4_01_02_02_001;feedback_1;[[Je vois]] La question porte sur « Additionner et soustraire des relatifs ». [[Je sais]] Calculer une somme ou une différence comportant des nombres positifs et négatifs. [[J'en déduis]] Cette description correspond bien à la notion demandée.
C5_ITM_MAT_C4_01_02_02_001;feedback_2;Cette proposition décrit une autre notion du programme. Compare-la avec la définition et le rappel.
C5_ITM_MAT_C4_01_02_02_001;feedback_3;Cette proposition décrit une autre notion du programme. Compare-la avec la définition et le rappel.
C5_ITM_MAT_C4_01_02_02_001;feedback_4;Cette proposition décrit une autre notion du programme. Compare-la avec la définition et le rappel.
C5_ITM_MAT_C4_01_02_03_001;intention;identifier
C5_ITM_MAT_C4_01_02_03_001;notion;Multiplier et diviser des relatifs
C5_ITM_MAT_C4_01_02_03_001;definition;Déterminer le signe puis la valeur d'un produit ou d'un quotient de nombres relatifs.
C5_ITM_MAT_C4_01_02_03_001;rappel;Cherche la propriété ou la démarche qui caractérise précisément la notion demandée.
C5_ITM_MAT_C4_01_02_03_001;enonce;Quelle description correspond le mieux à « Multiplier et diviser des relatifs » ?
C5_ITM_MAT_C4_01_02_03_001;option_1;Déterminer le signe puis la valeur d'un produit ou d'un quotient de nombres relatifs.
C5_ITM_MAT_C4_01_02_03_001;option_2;Choisir et effectuer correctement une multiplication ou une division selon la situation.
C5_ITM_MAT_C4_01_02_03_001;option_3;Effectuer d'abord les calculs entre parenthèses, puis les multiplications et divisions avant les additions et soustractions.
C5_ITM_MAT_C4_01_02_03_001;option_4;Placer des nombres positifs et négatifs par rapport à zéro sur un axe gradué.
C5_ITM_MAT_C4_01_02_03_001;correcte;1
C5_ITM_MAT_C4_01_02_03_001;feedback_1;[[Je vois]] La question porte sur « Multiplier et diviser des relatifs ». [[Je sais]] Déterminer le signe puis la valeur d'un produit ou d'un quotient de nombres relatifs. [[J'en déduis]] Cette description correspond bien à la notion demandée.
C5_ITM_MAT_C4_01_02_03_001;feedback_2;Cette proposition décrit une autre notion du programme. Compare-la avec la définition et le rappel.
C5_ITM_MAT_C4_01_02_03_001;feedback_3;Cette proposition décrit une autre notion du programme. Compare-la avec la définition et le rappel.
C5_ITM_MAT_C4_01_02_03_001;feedback_4;Cette proposition décrit une autre notion du programme. Compare-la avec la définition et le rappel.
C5_ITM_MAT_C4_01_03_01_001;intention;identifier
C5_ITM_MAT_C4_01_03_01_001;notion;Fractions et nombres rationnels
C5_ITM_MAT_C4_01_03_01_001;definition;Reconnaître et utiliser des nombres qui peuvent s'écrire comme quotient de deux entiers.
C5_ITM_MAT_C4_01_03_01_001;rappel;Cherche la propriété ou la démarche qui caractérise précisément la notion demandée.
C5_ITM_MAT_C4_01_03_01_001;enonce;Quelle description correspond le mieux à « Fractions et nombres rationnels » ?
C5_ITM_MAT_C4_01_03_01_001;option_1;Reconnaître et utiliser des nombres qui peuvent s'écrire comme quotient de deux entiers.
C5_ITM_MAT_C4_01_03_01_001;option_2;Choisir et effectuer correctement une multiplication ou une division selon la situation.
C5_ITM_MAT_C4_01_03_01_001;option_3;Effectuer d'abord les calculs entre parenthèses, puis les multiplications et divisions avant les additions et soustractions.
C5_ITM_MAT_C4_01_03_01_001;option_4;Placer des nombres positifs et négatifs par rapport à zéro sur un axe gradué.
C5_ITM_MAT_C4_01_03_01_001;correcte;1
C5_ITM_MAT_C4_01_03_01_001;feedback_1;[[Je vois]] La question porte sur « Fractions et nombres rationnels ». [[Je sais]] Reconnaître et utiliser des nombres qui peuvent s'écrire comme quotient de deux entiers. [[J'en déduis]] Cette description correspond bien à la notion demandée.
C5_ITM_MAT_C4_01_03_01_001;feedback_2;Cette proposition décrit une autre notion du programme. Compare-la avec la définition et le rappel.
C5_ITM_MAT_C4_01_03_01_001;feedback_3;Cette proposition décrit une autre notion du programme. Compare-la avec la définition et le rappel.
C5_ITM_MAT_C4_01_03_01_001;feedback_4;Cette proposition décrit une autre notion du programme. Compare-la avec la définition et le rappel.
C5_ITM_MAT_C4_01_04_01_001;intention;identifier
C5_ITM_MAT_C4_01_04_01_001;notion;Puissances entières
C5_ITM_MAT_C4_01_04_01_001;definition;Écrire un produit répété d'un même facteur sous forme de puissance et réciproquement.
C5_ITM_MAT_C4_01_04_01_001;rappel;Cherche la propriété ou la démarche qui caractérise précisément la notion demandée.
C5_ITM_MAT_C4_01_04_01_001;enonce;Quelle description correspond le mieux à « Puissances entières » ?
C5_ITM_MAT_C4_01_04_01_001;option_1;Écrire un produit répété d'un même facteur sous forme de puissance et réciproquement.
C5_ITM_MAT_C4_01_04_01_001;option_2;Choisir et effectuer correctement une multiplication ou une division selon la situation.
C5_ITM_MAT_C4_01_04_01_001;option_3;Effectuer d'abord les calculs entre parenthèses, puis les multiplications et divisions avant les additions et soustractions.
C5_ITM_MAT_C4_01_04_01_001;option_4;Placer des nombres positifs et négatifs par rapport à zéro sur un axe gradué.
C5_ITM_MAT_C4_01_04_01_001;correcte;1
C5_ITM_MAT_C4_01_04_01_001;feedback_1;[[Je vois]] La question porte sur « Puissances entières ». [[Je sais]] Écrire un produit répété d'un même facteur sous forme de puissance et réciproquement. [[J'en déduis]] Cette description correspond bien à la notion demandée.
C5_ITM_MAT_C4_01_04_01_001;feedback_2;Cette proposition décrit une autre notion du programme. Compare-la avec la définition et le rappel.
C5_ITM_MAT_C4_01_04_01_001;feedback_3;Cette proposition décrit une autre notion du programme. Compare-la avec la définition et le rappel.
C5_ITM_MAT_C4_01_04_01_001;feedback_4;Cette proposition décrit une autre notion du programme. Compare-la avec la définition et le rappel.
C5_ITM_MAT_C4_01_04_02_001;intention;identifier
C5_ITM_MAT_C4_01_04_02_001;notion;Puissances de dix
C5_ITM_MAT_C4_01_04_02_001;definition;Utiliser 10, 100, 1 000 et leurs puissances pour représenter des changements d'ordre de grandeur.
C5_ITM_MAT_C4_01_04_02_001;rappel;Cherche la propriété ou la démarche qui caractérise précisément la notion demandée.
C5_ITM_MAT_C4_01_04_02_001;enonce;Quelle description correspond le mieux à « Puissances de dix » ?
C5_ITM_MAT_C4_01_04_02_001;option_1;Utiliser 10, 100, 1 000 et leurs puissances pour représenter des changements d'ordre de grandeur.
C5_ITM_MAT_C4_01_04_02_001;option_2;Choisir et effectuer correctement une multiplication ou une division selon la situation.
C5_ITM_MAT_C4_01_04_02_001;option_3;Effectuer d'abord les calculs entre parenthèses, puis les multiplications et divisions avant les additions et soustractions.
C5_ITM_MAT_C4_01_04_02_001;option_4;Placer des nombres positifs et négatifs par rapport à zéro sur un axe gradué.
C5_ITM_MAT_C4_01_04_02_001;correcte;1
C5_ITM_MAT_C4_01_04_02_001;feedback_1;[[Je vois]] La question porte sur « Puissances de dix ». [[Je sais]] Utiliser 10, 100, 1 000 et leurs puissances pour représenter des changements d'ordre de grandeur. [[J'en déduis]] Cette description correspond bien à la notion demandée.
C5_ITM_MAT_C4_01_04_02_001;feedback_2;Cette proposition décrit une autre notion du programme. Compare-la avec la définition et le rappel.
C5_ITM_MAT_C4_01_04_02_001;feedback_3;Cette proposition décrit une autre notion du programme. Compare-la avec la définition et le rappel.
C5_ITM_MAT_C4_01_04_02_001;feedback_4;Cette proposition décrit une autre notion du programme. Compare-la avec la définition et le rappel.
C5_ITM_MAT_C4_02_01_01_001;intention;identifier
C5_ITM_MAT_C4_02_01_01_001;notion;Coordonnées dans le plan
C5_ITM_MAT_C4_02_01_01_001;definition;Repérer un point par un couple de coordonnées dans un repère.
C5_ITM_MAT_C4_02_01_01_001;rappel;Cherche la propriété ou la démarche qui caractérise précisément la notion demandée.
C5_ITM_MAT_C4_02_01_01_001;enonce;Quelle description correspond le mieux à « Coordonnées dans le plan » ?
C5_ITM_MAT_C4_02_01_01_001;option_1;Repérer un point par un couple de coordonnées dans un repère.
C5_ITM_MAT_C4_02_01_01_001;option_2;Choisir et effectuer correctement une multiplication ou une division selon la situation.
C5_ITM_MAT_C4_02_01_01_001;option_3;Effectuer d'abord les calculs entre parenthèses, puis les multiplications et divisions avant les additions et soustractions.
C5_ITM_MAT_C4_02_01_01_001;option_4;Placer des nombres positifs et négatifs par rapport à zéro sur un axe gradué.
C5_ITM_MAT_C4_02_01_01_001;correcte;1
C5_ITM_MAT_C4_02_01_01_001;feedback_1;[[Je vois]] La question porte sur « Coordonnées dans le plan ». [[Je sais]] Repérer un point par un couple de coordonnées dans un repère. [[J'en déduis]] Cette description correspond bien à la notion demandée.
C5_ITM_MAT_C4_02_01_01_001;feedback_2;Cette proposition décrit une autre notion du programme. Compare-la avec la définition et le rappel.
C5_ITM_MAT_C4_02_01_01_001;feedback_3;Cette proposition décrit une autre notion du programme. Compare-la avec la définition et le rappel.
C5_ITM_MAT_C4_02_01_01_001;feedback_4;Cette proposition décrit une autre notion du programme. Compare-la avec la définition et le rappel.
C5_ITM_MAT_C4_02_01_02_001;intention;identifier
C5_ITM_MAT_C4_02_01_02_001;notion;Repérage sur une droite graduée
C5_ITM_MAT_C4_02_01_02_001;definition;Associer une position sur un axe gradué à un nombre et réciproquement.
C5_ITM_MAT_C4_02_01_02_001;rappel;Cherche la propriété ou la démarche qui caractérise précisément la notion demandée.
C5_ITM_MAT_C4_02_01_02_001;enonce;Quelle description correspond le mieux à « Repérage sur une droite graduée » ?
C5_ITM_MAT_C4_02_01_02_001;option_1;Associer une position sur un axe gradué à un nombre et réciproquement.
C5_ITM_MAT_C4_02_01_02_001;option_2;Choisir et effectuer correctement une multiplication ou une division selon la situation.
C5_ITM_MAT_C4_02_01_02_001;option_3;Effectuer d'abord les calculs entre parenthèses, puis les multiplications et divisions avant les additions et soustractions.
C5_ITM_MAT_C4_02_01_02_001;option_4;Placer des nombres positifs et négatifs par rapport à zéro sur un axe gradué.
C5_ITM_MAT_C4_02_01_02_001;correcte;1
C5_ITM_MAT_C4_02_01_02_001;feedback_1;[[Je vois]] La question porte sur « Repérage sur une droite graduée ». [[Je sais]] Associer une position sur un axe gradué à un nombre et réciproquement. [[J'en déduis]] Cette description correspond bien à la notion demandée.
C5_ITM_MAT_C4_02_01_02_001;feedback_2;Cette proposition décrit une autre notion du programme. Compare-la avec la définition et le rappel.
C5_ITM_MAT_C4_02_01_02_001;feedback_3;Cette proposition décrit une autre notion du programme. Compare-la avec la définition et le rappel.
C5_ITM_MAT_C4_02_01_02_001;feedback_4;Cette proposition décrit une autre notion du programme. Compare-la avec la définition et le rappel.
C5_ITM_MAT_C4_02_02_01_001;intention;identifier
C5_ITM_MAT_C4_02_02_01_001;notion;Solides et représentations
C5_ITM_MAT_C4_02_02_01_001;definition;Reconnaître ou représenter un solide en tenant compte de ses faces, arêtes et sommets.
C5_ITM_MAT_C4_02_02_01_001;rappel;Cherche la propriété ou la démarche qui caractérise précisément la notion demandée.
C5_ITM_MAT_C4_02_02_01_001;enonce;Quelle description correspond le mieux à « Solides et représentations » ?
C5_ITM_MAT_C4_02_02_01_001;option_1;Reconnaître ou représenter un solide en tenant compte de ses faces, arêtes et sommets.
C5_ITM_MAT_C4_02_02_01_001;option_2;Choisir et effectuer correctement une multiplication ou une division selon la situation.
C5_ITM_MAT_C4_02_02_01_001;option_3;Effectuer d'abord les calculs entre parenthèses, puis les multiplications et divisions avant les additions et soustractions.
C5_ITM_MAT_C4_02_02_01_001;option_4;Placer des nombres positifs et négatifs par rapport à zéro sur un axe gradué.
C5_ITM_MAT_C4_02_02_01_001;correcte;1
C5_ITM_MAT_C4_02_02_01_001;feedback_1;[[Je vois]] La question porte sur « Solides et représentations ». [[Je sais]] Reconnaître ou représenter un solide en tenant compte de ses faces, arêtes et sommets. [[J'en déduis]] Cette description correspond bien à la notion demandée.
C5_ITM_MAT_C4_02_02_01_001;feedback_2;Cette proposition décrit une autre notion du programme. Compare-la avec la définition et le rappel.
C5_ITM_MAT_C4_02_02_01_001;feedback_3;Cette proposition décrit une autre notion du programme. Compare-la avec la définition et le rappel.
C5_ITM_MAT_C4_02_02_01_001;feedback_4;Cette proposition décrit une autre notion du programme. Compare-la avec la définition et le rappel.
C5_ITM_MAT_C4_02_02_02_001;intention;identifier
C5_ITM_MAT_C4_02_02_02_001;notion;Patrons et perspectives
C5_ITM_MAT_C4_02_02_02_001;definition;Relier un solide à une représentation plane qui permet de le construire ou de le visualiser.
C5_ITM_MAT_C4_02_02_02_001;rappel;Cherche la propriété ou la démarche qui caractérise précisément la notion demandée.
C5_ITM_MAT_C4_02_02_02_001;enonce;Quelle description correspond le mieux à « Patrons et perspectives » ?
C5_ITM_MAT_C4_02_02_02_001;option_1;Relier un solide à une représentation plane qui permet de le construire ou de le visualiser.
C5_ITM_MAT_C4_02_02_02_001;option_2;Choisir et effectuer correctement une multiplication ou une division selon la situation.
C5_ITM_MAT_C4_02_02_02_001;option_3;Effectuer d'abord les calculs entre parenthèses, puis les multiplications et divisions avant les additions et soustractions.
C5_ITM_MAT_C4_02_02_02_001;option_4;Placer des nombres positifs et négatifs par rapport à zéro sur un axe gradué.
C5_ITM_MAT_C4_02_02_02_001;correcte;1
C5_ITM_MAT_C4_02_02_02_001;feedback_1;[[Je vois]] La question porte sur « Patrons et perspectives ». [[Je sais]] Relier un solide à une représentation plane qui permet de le construire ou de le visualiser. [[J'en déduis]] Cette description correspond bien à la notion demandée.
C5_ITM_MAT_C4_02_02_02_001;feedback_2;Cette proposition décrit une autre notion du programme. Compare-la avec la définition et le rappel.
C5_ITM_MAT_C4_02_02_02_001;feedback_3;Cette proposition décrit une autre notion du programme. Compare-la avec la définition et le rappel.
C5_ITM_MAT_C4_02_02_02_001;feedback_4;Cette proposition décrit une autre notion du programme. Compare-la avec la définition et le rappel.
C5_ITM_MAT_C4_02_03_01_001;intention;identifier
C5_ITM_MAT_C4_02_03_01_001;notion;Symétries
C5_ITM_MAT_C4_02_03_01_001;definition;Identifier une transformation qui conserve les longueurs et produit une figure symétrique.
C5_ITM_MAT_C4_02_03_01_001;rappel;Cherche la propriété ou la démarche qui caractérise précisément la notion demandée.
C5_ITM_MAT_C4_02_03_01_001;enonce;Quelle description correspond le mieux à « Symétries » ?
C5_ITM_MAT_C4_02_03_01_001;option_1;Identifier une transformation qui conserve les longueurs et produit une figure symétrique.
C5_ITM_MAT_C4_02_03_01_001;option_2;Choisir et effectuer correctement une multiplication ou une division selon la situation.
C5_ITM_MAT_C4_02_03_01_001;option_3;Effectuer d'abord les calculs entre parenthèses, puis les multiplications et divisions avant les additions et soustractions.
C5_ITM_MAT_C4_02_03_01_001;option_4;Placer des nombres positifs et négatifs par rapport à zéro sur un axe gradué.
C5_ITM_MAT_C4_02_03_01_001;correcte;1
C5_ITM_MAT_C4_02_03_01_001;feedback_1;[[Je vois]] La question porte sur « Symétries ». [[Je sais]] Identifier une transformation qui conserve les longueurs et produit une figure symétrique. [[J'en déduis]] Cette description correspond bien à la notion demandée.
C5_ITM_MAT_C4_02_03_01_001;feedback_2;Cette proposition décrit une autre notion du programme. Compare-la avec la définition et le rappel.
C5_ITM_MAT_C4_02_03_01_001;feedback_3;Cette proposition décrit une autre notion du programme. Compare-la avec la définition et le rappel.
C5_ITM_MAT_C4_02_03_01_001;feedback_4;Cette proposition décrit une autre notion du programme. Compare-la avec la définition et le rappel.
C5_ITM_MAT_C4_02_03_02_001;intention;identifier
C5_ITM_MAT_C4_02_03_02_001;notion;Translations et rotations
C5_ITM_MAT_C4_02_03_02_001;definition;Identifier un déplacement défini par une direction et une longueur, ou par un centre et un angle.
C5_ITM_MAT_C4_02_03_02_001;rappel;Cherche la propriété ou la démarche qui caractérise précisément la notion demandée.
C5_ITM_MAT_C4_02_03_02_001;enonce;Quelle description correspond le mieux à « Translations et rotations » ?
C5_ITM_MAT_C4_02_03_02_001;option_1;Identifier un déplacement défini par une direction et une longueur, ou par un centre et un angle.
C5_ITM_MAT_C4_02_03_02_001;option_2;Choisir et effectuer correctement une multiplication ou une division selon la situation.
C5_ITM_MAT_C4_02_03_02_001;option_3;Effectuer d'abord les calculs entre parenthèses, puis les multiplications et divisions avant les additions et soustractions.
C5_ITM_MAT_C4_02_03_02_001;option_4;Placer des nombres positifs et négatifs par rapport à zéro sur un axe gradué.
C5_ITM_MAT_C4_02_03_02_001;correcte;1
C5_ITM_MAT_C4_02_03_02_001;feedback_1;[[Je vois]] La question porte sur « Translations et rotations ». [[Je sais]] Identifier un déplacement défini par une direction et une longueur, ou par un centre et un angle. [[J'en déduis]] Cette description correspond bien à la notion demandée.
C5_ITM_MAT_C4_02_03_02_001;feedback_2;Cette proposition décrit une autre notion du programme. Compare-la avec la définition et le rappel.
C5_ITM_MAT_C4_02_03_02_001;feedback_3;Cette proposition décrit une autre notion du programme. Compare-la avec la définition et le rappel.
C5_ITM_MAT_C4_02_03_02_001;feedback_4;Cette proposition décrit une autre notion du programme. Compare-la avec la définition et le rappel.
C5_ITM_MAT_C4_02_04_01_001;intention;identifier
C5_ITM_MAT_C4_02_04_01_001;notion;Relations entre angles
C5_ITM_MAT_C4_02_04_01_001;definition;Utiliser des relations entre angles, par exemple angles opposés, complémentaires ou liés à des droites parallèles.
C5_ITM_MAT_C4_02_04_01_001;rappel;Cherche la propriété ou la démarche qui caractérise précisément la notion demandée.
C5_ITM_MAT_C4_02_04_01_001;enonce;Quelle description correspond le mieux à « Relations entre angles » ?
C5_ITM_MAT_C4_02_04_01_001;option_1;Utiliser des relations entre angles, par exemple angles opposés, complémentaires ou liés à des droites parallèles.
C5_ITM_MAT_C4_02_04_01_001;option_2;Choisir et effectuer correctement une multiplication ou une division selon la situation.
C5_ITM_MAT_C4_02_04_01_001;option_3;Effectuer d'abord les calculs entre parenthèses, puis les multiplications et divisions avant les additions et soustractions.
C5_ITM_MAT_C4_02_04_01_001;option_4;Placer des nombres positifs et négatifs par rapport à zéro sur un axe gradué.
C5_ITM_MAT_C4_02_04_01_001;correcte;1
C5_ITM_MAT_C4_02_04_01_001;feedback_1;[[Je vois]] La question porte sur « Relations entre angles ». [[Je sais]] Utiliser des relations entre angles, par exemple angles opposés, complémentaires ou liés à des droites parallèles. [[J'en déduis]] Cette description correspond bien à la notion demandée.
C5_ITM_MAT_C4_02_04_01_001;feedback_2;Cette proposition décrit une autre notion du programme. Compare-la avec la définition et le rappel.
C5_ITM_MAT_C4_02_04_01_001;feedback_3;Cette proposition décrit une autre notion du programme. Compare-la avec la définition et le rappel.
C5_ITM_MAT_C4_02_04_01_001;feedback_4;Cette proposition décrit une autre notion du programme. Compare-la avec la définition et le rappel.
C5_ITM_MAT_C4_02_05_01_001;intention;identifier
C5_ITM_MAT_C4_02_05_01_001;notion;Construire et caractériser des triangles
C5_ITM_MAT_C4_02_05_01_001;definition;Utiliser longueurs et angles pour construire un triangle et reconnaître ses propriétés.
C5_ITM_MAT_C4_02_05_01_001;rappel;Cherche la propriété ou la démarche qui caractérise précisément la notion demandée.
C5_ITM_MAT_C4_02_05_01_001;enonce;Quelle description correspond le mieux à « Construire et caractériser des triangles » ?
C5_ITM_MAT_C4_02_05_01_001;option_1;Utiliser longueurs et angles pour construire un triangle et reconnaître ses propriétés.
C5_ITM_MAT_C4_02_05_01_001;option_2;Choisir et effectuer correctement une multiplication ou une division selon la situation.
C5_ITM_MAT_C4_02_05_01_001;option_3;Effectuer d'abord les calculs entre parenthèses, puis les multiplications et divisions avant les additions et soustractions.
C5_ITM_MAT_C4_02_05_01_001;option_4;Placer des nombres positifs et négatifs par rapport à zéro sur un axe gradué.
C5_ITM_MAT_C4_02_05_01_001;correcte;1
C5_ITM_MAT_C4_02_05_01_001;feedback_1;[[Je vois]] La question porte sur « Construire et caractériser des triangles ». [[Je sais]] Utiliser longueurs et angles pour construire un triangle et reconnaître ses propriétés. [[J'en déduis]] Cette description correspond bien à la notion demandée.
C5_ITM_MAT_C4_02_05_01_001;feedback_2;Cette proposition décrit une autre notion du programme. Compare-la avec la définition et le rappel.
C5_ITM_MAT_C4_02_05_01_001;feedback_3;Cette proposition décrit une autre notion du programme. Compare-la avec la définition et le rappel.
C5_ITM_MAT_C4_02_05_01_001;feedback_4;Cette proposition décrit une autre notion du programme. Compare-la avec la définition et le rappel.
C5_ITM_MAT_C4_02_05_02_001;intention;identifier
C5_ITM_MAT_C4_02_05_02_001;notion;Somme des angles
C5_ITM_MAT_C4_02_05_02_001;definition;Utiliser le fait que la somme des angles d'un triangle vaut 180°.
C5_ITM_MAT_C4_02_05_02_001;rappel;Cherche la propriété ou la démarche qui caractérise précisément la notion demandée.
C5_ITM_MAT_C4_02_05_02_001;enonce;Quelle description correspond le mieux à « Somme des angles » ?
C5_ITM_MAT_C4_02_05_02_001;option_1;Utiliser le fait que la somme des angles d'un triangle vaut 180°.
C5_ITM_MAT_C4_02_05_02_001;option_2;Choisir et effectuer correctement une multiplication ou une division selon la situation.
C5_ITM_MAT_C4_02_05_02_001;option_3;Effectuer d'abord les calculs entre parenthèses, puis les multiplications et divisions avant les additions et soustractions.
C5_ITM_MAT_C4_02_05_02_001;option_4;Placer des nombres positifs et négatifs par rapport à zéro sur un axe gradué.
C5_ITM_MAT_C4_02_05_02_001;correcte;1
C5_ITM_MAT_C4_02_05_02_001;feedback_1;[[Je vois]] La question porte sur « Somme des angles ». [[Je sais]] Utiliser le fait que la somme des angles d'un triangle vaut 180°. [[J'en déduis]] Cette description correspond bien à la notion demandée.
C5_ITM_MAT_C4_02_05_02_001;feedback_2;Cette proposition décrit une autre notion du programme. Compare-la avec la définition et le rappel.
C5_ITM_MAT_C4_02_05_02_001;feedback_3;Cette proposition décrit une autre notion du programme. Compare-la avec la définition et le rappel.
C5_ITM_MAT_C4_02_05_02_001;feedback_4;Cette proposition décrit une autre notion du programme. Compare-la avec la définition et le rappel.
C5_ITM_MAT_C4_02_06_01_001;intention;identifier
C5_ITM_MAT_C4_02_06_01_001;notion;Reconnaître un parallélogramme
C5_ITM_MAT_C4_02_06_01_001;definition;Reconnaître un quadrilatère dont les côtés opposés sont parallèles deux à deux.
C5_ITM_MAT_C4_02_06_01_001;rappel;Cherche la propriété ou la démarche qui caractérise précisément la notion demandée.
C5_ITM_MAT_C4_02_06_01_001;enonce;Quelle description correspond le mieux à « Reconnaître un parallélogramme » ?
C5_ITM_MAT_C4_02_06_01_001;option_1;Reconnaître un quadrilatère dont les côtés opposés sont parallèles deux à deux.
C5_ITM_MAT_C4_02_06_01_001;option_2;Choisir et effectuer correctement une multiplication ou une division selon la situation.
C5_ITM_MAT_C4_02_06_01_001;option_3;Effectuer d'abord les calculs entre parenthèses, puis les multiplications et divisions avant les additions et soustractions.
C5_ITM_MAT_C4_02_06_01_001;option_4;Placer des nombres positifs et négatifs par rapport à zéro sur un axe gradué.
C5_ITM_MAT_C4_02_06_01_001;correcte;1
C5_ITM_MAT_C4_02_06_01_001;feedback_1;[[Je vois]] La question porte sur « Reconnaître un parallélogramme ». [[Je sais]] Reconnaître un quadrilatère dont les côtés opposés sont parallèles deux à deux. [[J'en déduis]] Cette description correspond bien à la notion demandée.
C5_ITM_MAT_C4_02_06_01_001;feedback_2;Cette proposition décrit une autre notion du programme. Compare-la avec la définition et le rappel.
C5_ITM_MAT_C4_02_06_01_001;feedback_3;Cette proposition décrit une autre notion du programme. Compare-la avec la définition et le rappel.
C5_ITM_MAT_C4_02_06_01_001;feedback_4;Cette proposition décrit une autre notion du programme. Compare-la avec la définition et le rappel.
C5_ITM_MAT_C4_03_01_01_001;intention;identifier
C5_ITM_MAT_C4_03_01_01_001;notion;Lire des représentations statistiques
C5_ITM_MAT_C4_03_01_01_001;definition;Lire des informations dans un tableau ou un graphique statistique.
C5_ITM_MAT_C4_03_01_01_001;rappel;Cherche la propriété ou la démarche qui caractérise précisément la notion demandée.
C5_ITM_MAT_C4_03_01_01_001;enonce;Quelle description correspond le mieux à « Lire des représentations statistiques » ?
C5_ITM_MAT_C4_03_01_01_001;option_1;Lire des informations dans un tableau ou un graphique statistique.
C5_ITM_MAT_C4_03_01_01_001;option_2;Choisir et effectuer correctement une multiplication ou une division selon la situation.
C5_ITM_MAT_C4_03_01_01_001;option_3;Effectuer d'abord les calculs entre parenthèses, puis les multiplications et divisions avant les additions et soustractions.
C5_ITM_MAT_C4_03_01_01_001;option_4;Placer des nombres positifs et négatifs par rapport à zéro sur un axe gradué.
C5_ITM_MAT_C4_03_01_01_001;correcte;1
C5_ITM_MAT_C4_03_01_01_001;feedback_1;[[Je vois]] La question porte sur « Lire des représentations statistiques ». [[Je sais]] Lire des informations dans un tableau ou un graphique statistique. [[J'en déduis]] Cette description correspond bien à la notion demandée.
C5_ITM_MAT_C4_03_01_01_001;feedback_2;Cette proposition décrit une autre notion du programme. Compare-la avec la définition et le rappel.
C5_ITM_MAT_C4_03_01_01_001;feedback_3;Cette proposition décrit une autre notion du programme. Compare-la avec la définition et le rappel.
C5_ITM_MAT_C4_03_01_01_001;feedback_4;Cette proposition décrit une autre notion du programme. Compare-la avec la définition et le rappel.
C5_ITM_MAT_C4_03_01_02_001;intention;identifier
C5_ITM_MAT_C4_03_01_02_001;notion;Indicateurs statistiques
C5_ITM_MAT_C4_03_01_02_001;definition;Résumer une série de données à l'aide d'un indicateur comme la moyenne ou la médiane.
C5_ITM_MAT_C4_03_01_02_001;rappel;Cherche la propriété ou la démarche qui caractérise précisément la notion demandée.
C5_ITM_MAT_C4_03_01_02_001;enonce;Quelle description correspond le mieux à « Indicateurs statistiques » ?
C5_ITM_MAT_C4_03_01_02_001;option_1;Résumer une série de données à l'aide d'un indicateur comme la moyenne ou la médiane.
C5_ITM_MAT_C4_03_01_02_001;option_2;Choisir et effectuer correctement une multiplication ou une division selon la situation.
C5_ITM_MAT_C4_03_01_02_001;option_3;Effectuer d'abord les calculs entre parenthèses, puis les multiplications et divisions avant les additions et soustractions.
C5_ITM_MAT_C4_03_01_02_001;option_4;Placer des nombres positifs et négatifs par rapport à zéro sur un axe gradué.
C5_ITM_MAT_C4_03_01_02_001;correcte;1
C5_ITM_MAT_C4_03_01_02_001;feedback_1;[[Je vois]] La question porte sur « Indicateurs statistiques ». [[Je sais]] Résumer une série de données à l'aide d'un indicateur comme la moyenne ou la médiane. [[J'en déduis]] Cette description correspond bien à la notion demandée.
C5_ITM_MAT_C4_03_01_02_001;feedback_2;Cette proposition décrit une autre notion du programme. Compare-la avec la définition et le rappel.
C5_ITM_MAT_C4_03_01_02_001;feedback_3;Cette proposition décrit une autre notion du programme. Compare-la avec la définition et le rappel.
C5_ITM_MAT_C4_03_01_02_001;feedback_4;Cette proposition décrit une autre notion du programme. Compare-la avec la définition et le rappel.
C5_ITM_MAT_C4_03_02_01_001;intention;identifier
C5_ITM_MAT_C4_03_02_01_001;notion;Probabilité d’un événement
C5_ITM_MAT_C4_03_02_01_001;definition;Exprimer numériquement la chance qu'un événement se réalise entre 0 et 1.
C5_ITM_MAT_C4_03_02_01_001;rappel;Cherche la propriété ou la démarche qui caractérise précisément la notion demandée.
C5_ITM_MAT_C4_03_02_01_001;enonce;Quelle description correspond le mieux à « Probabilité d’un événement » ?
C5_ITM_MAT_C4_03_02_01_001;option_1;Exprimer numériquement la chance qu'un événement se réalise entre 0 et 1.
C5_ITM_MAT_C4_03_02_01_001;option_2;Choisir et effectuer correctement une multiplication ou une division selon la situation.
C5_ITM_MAT_C4_03_02_01_001;option_3;Effectuer d'abord les calculs entre parenthèses, puis les multiplications et divisions avant les additions et soustractions.
C5_ITM_MAT_C4_03_02_01_001;option_4;Placer des nombres positifs et négatifs par rapport à zéro sur un axe gradué.
C5_ITM_MAT_C4_03_02_01_001;correcte;1
C5_ITM_MAT_C4_03_02_01_001;feedback_1;[[Je vois]] La question porte sur « Probabilité d’un événement ». [[Je sais]] Exprimer numériquement la chance qu'un événement se réalise entre 0 et 1. [[J'en déduis]] Cette description correspond bien à la notion demandée.
C5_ITM_MAT_C4_03_02_01_001;feedback_2;Cette proposition décrit une autre notion du programme. Compare-la avec la définition et le rappel.
C5_ITM_MAT_C4_03_02_01_001;feedback_3;Cette proposition décrit une autre notion du programme. Compare-la avec la définition et le rappel.
C5_ITM_MAT_C4_03_02_01_001;feedback_4;Cette proposition décrit une autre notion du programme. Compare-la avec la définition et le rappel.
C5_ITM_MAT_C4_03_02_02_001;intention;identifier
C5_ITM_MAT_C4_03_02_02_001;notion;Expériences aléatoires
C5_ITM_MAT_C4_03_02_02_001;definition;Décrire les issues possibles d'une expérience dont le résultat n'est pas connu à l'avance.
C5_ITM_MAT_C4_03_02_02_001;rappel;Cherche la propriété ou la démarche qui caractérise précisément la notion demandée.
C5_ITM_MAT_C4_03_02_02_001;enonce;Quelle description correspond le mieux à « Expériences aléatoires » ?
C5_ITM_MAT_C4_03_02_02_001;option_1;Décrire les issues possibles d'une expérience dont le résultat n'est pas connu à l'avance.
C5_ITM_MAT_C4_03_02_02_001;option_2;Choisir et effectuer correctement une multiplication ou une division selon la situation.
C5_ITM_MAT_C4_03_02_02_001;option_3;Effectuer d'abord les calculs entre parenthèses, puis les multiplications et divisions avant les additions et soustractions.
C5_ITM_MAT_C4_03_02_02_001;option_4;Placer des nombres positifs et négatifs par rapport à zéro sur un axe gradué.
C5_ITM_MAT_C4_03_02_02_001;correcte;1
C5_ITM_MAT_C4_03_02_02_001;feedback_1;[[Je vois]] La question porte sur « Expériences aléatoires ». [[Je sais]] Décrire les issues possibles d'une expérience dont le résultat n'est pas connu à l'avance. [[J'en déduis]] Cette description correspond bien à la notion demandée.
C5_ITM_MAT_C4_03_02_02_001;feedback_2;Cette proposition décrit une autre notion du programme. Compare-la avec la définition et le rappel.
C5_ITM_MAT_C4_03_02_02_001;feedback_3;Cette proposition décrit une autre notion du programme. Compare-la avec la définition et le rappel.
C5_ITM_MAT_C4_03_02_02_001;feedback_4;Cette proposition décrit une autre notion du programme. Compare-la avec la définition et le rappel.
C5_ITM_MAT_C4_04_02_01_001;intention;identifier
C5_ITM_MAT_C4_04_02_01_001;notion;Notion de fonction
C5_ITM_MAT_C4_04_02_01_001;definition;Associer à chaque valeur admissible d'une variable une unique valeur obtenue par une règle.
C5_ITM_MAT_C4_04_02_01_001;rappel;Cherche la propriété ou la démarche qui caractérise précisément la notion demandée.
C5_ITM_MAT_C4_04_02_01_001;enonce;Quelle description correspond le mieux à « Notion de fonction » ?
C5_ITM_MAT_C4_04_02_01_001;option_1;Associer à chaque valeur admissible d'une variable une unique valeur obtenue par une règle.
C5_ITM_MAT_C4_04_02_01_001;option_2;Choisir et effectuer correctement une multiplication ou une division selon la situation.
C5_ITM_MAT_C4_04_02_01_001;option_3;Effectuer d'abord les calculs entre parenthèses, puis les multiplications et divisions avant les additions et soustractions.
C5_ITM_MAT_C4_04_02_01_001;option_4;Placer des nombres positifs et négatifs par rapport à zéro sur un axe gradué.
C5_ITM_MAT_C4_04_02_01_001;correcte;1
C5_ITM_MAT_C4_04_02_01_001;feedback_1;[[Je vois]] La question porte sur « Notion de fonction ». [[Je sais]] Associer à chaque valeur admissible d'une variable une unique valeur obtenue par une règle. [[J'en déduis]] Cette description correspond bien à la notion demandée.
C5_ITM_MAT_C4_04_02_01_001;feedback_2;Cette proposition décrit une autre notion du programme. Compare-la avec la définition et le rappel.
C5_ITM_MAT_C4_04_02_01_001;feedback_3;Cette proposition décrit une autre notion du programme. Compare-la avec la définition et le rappel.
C5_ITM_MAT_C4_04_02_01_001;feedback_4;Cette proposition décrit une autre notion du programme. Compare-la avec la définition et le rappel.
C5_ITM_MAT_C4_04_02_02_001;intention;identifier
C5_ITM_MAT_C4_04_02_02_001;notion;Images et antécédents
C5_ITM_MAT_C4_04_02_02_001;definition;Distinguer la valeur de départ d'une fonction et la valeur obtenue après application de la fonction.
C5_ITM_MAT_C4_04_02_02_001;rappel;Cherche la propriété ou la démarche qui caractérise précisément la notion demandée.
C5_ITM_MAT_C4_04_02_02_001;enonce;Quelle description correspond le mieux à « Images et antécédents » ?
C5_ITM_MAT_C4_04_02_02_001;option_1;Distinguer la valeur de départ d'une fonction et la valeur obtenue après application de la fonction.
C5_ITM_MAT_C4_04_02_02_001;option_2;Choisir et effectuer correctement une multiplication ou une division selon la situation.
C5_ITM_MAT_C4_04_02_02_001;option_3;Effectuer d'abord les calculs entre parenthèses, puis les multiplications et divisions avant les additions et soustractions.
C5_ITM_MAT_C4_04_02_02_001;option_4;Placer des nombres positifs et négatifs par rapport à zéro sur un axe gradué.
C5_ITM_MAT_C4_04_02_02_001;correcte;1
C5_ITM_MAT_C4_04_02_02_001;feedback_1;[[Je vois]] La question porte sur « Images et antécédents ». [[Je sais]] Distinguer la valeur de départ d'une fonction et la valeur obtenue après application de la fonction. [[J'en déduis]] Cette description correspond bien à la notion demandée.
C5_ITM_MAT_C4_04_02_02_001;feedback_2;Cette proposition décrit une autre notion du programme. Compare-la avec la définition et le rappel.
C5_ITM_MAT_C4_04_02_02_001;feedback_3;Cette proposition décrit une autre notion du programme. Compare-la avec la définition et le rappel.
C5_ITM_MAT_C4_04_02_02_001;feedback_4;Cette proposition décrit une autre notion du programme. Compare-la avec la définition et le rappel.
C5_ITM_MAT_C4_05_01_01_001;intention;identifier
C5_ITM_MAT_C4_05_01_01_001;notion;Variables et affectation
C5_ITM_MAT_C4_05_01_01_001;definition;Donner une valeur à une variable puis utiliser cette valeur dans un calcul ou un algorithme.
C5_ITM_MAT_C4_05_01_01_001;rappel;Cherche la propriété ou la démarche qui caractérise précisément la notion demandée.
C5_ITM_MAT_C4_05_01_01_001;enonce;Quelle description correspond le mieux à « Variables et affectation » ?
C5_ITM_MAT_C4_05_01_01_001;option_1;Donner une valeur à une variable puis utiliser cette valeur dans un calcul ou un algorithme.
C5_ITM_MAT_C4_05_01_01_001;option_2;Choisir et effectuer correctement une multiplication ou une division selon la situation.
C5_ITM_MAT_C4_05_01_01_001;option_3;Effectuer d'abord les calculs entre parenthèses, puis les multiplications et divisions avant les additions et soustractions.
C5_ITM_MAT_C4_05_01_01_001;option_4;Placer des nombres positifs et négatifs par rapport à zéro sur un axe gradué.
C5_ITM_MAT_C4_05_01_01_001;correcte;1
C5_ITM_MAT_C4_05_01_01_001;feedback_1;[[Je vois]] La question porte sur « Variables et affectation ». [[Je sais]] Donner une valeur à une variable puis utiliser cette valeur dans un calcul ou un algorithme. [[J'en déduis]] Cette description correspond bien à la notion demandée.
C5_ITM_MAT_C4_05_01_01_001;feedback_2;Cette proposition décrit une autre notion du programme. Compare-la avec la définition et le rappel.
C5_ITM_MAT_C4_05_01_01_001;feedback_3;Cette proposition décrit une autre notion du programme. Compare-la avec la définition et le rappel.
C5_ITM_MAT_C4_05_01_01_001;feedback_4;Cette proposition décrit une autre notion du programme. Compare-la avec la définition et le rappel.
C5_ITM_MAT_C4_05_01_02_001;intention;identifier
C5_ITM_MAT_C4_05_01_02_001;notion;Conditions et boucles
C5_ITM_MAT_C4_05_01_02_001;definition;Choisir entre des instructions selon une condition ou répéter des instructions avec une boucle.
C5_ITM_MAT_C4_05_01_02_001;rappel;Cherche la propriété ou la démarche qui caractérise précisément la notion demandée.
C5_ITM_MAT_C4_05_01_02_001;enonce;Quelle description correspond le mieux à « Conditions et boucles » ?
C5_ITM_MAT_C4_05_01_02_001;option_1;Choisir entre des instructions selon une condition ou répéter des instructions avec une boucle.
C5_ITM_MAT_C4_05_01_02_001;option_2;Choisir et effectuer correctement une multiplication ou une division selon la situation.
C5_ITM_MAT_C4_05_01_02_001;option_3;Effectuer d'abord les calculs entre parenthèses, puis les multiplications et divisions avant les additions et soustractions.
C5_ITM_MAT_C4_05_01_02_001;option_4;Placer des nombres positifs et négatifs par rapport à zéro sur un axe gradué.
C5_ITM_MAT_C4_05_01_02_001;correcte;1
C5_ITM_MAT_C4_05_01_02_001;feedback_1;[[Je vois]] La question porte sur « Conditions et boucles ». [[Je sais]] Choisir entre des instructions selon une condition ou répéter des instructions avec une boucle. [[J'en déduis]] Cette description correspond bien à la notion demandée.
C5_ITM_MAT_C4_05_01_02_001;feedback_2;Cette proposition décrit une autre notion du programme. Compare-la avec la définition et le rappel.
C5_ITM_MAT_C4_05_01_02_001;feedback_3;Cette proposition décrit une autre notion du programme. Compare-la avec la définition et le rappel.
C5_ITM_MAT_C4_05_01_02_001;feedback_4;Cette proposition décrit une autre notion du programme. Compare-la avec la définition et le rappel.
C4_D_4E_ATT_NOMBRES_PUISS_001;intention;identifier
C4_D_4E_ATT_NOMBRES_PUISS_001;notion;Nombres, puissances et notation scientifique
C4_D_4E_ATT_NOMBRES_PUISS_001;definition;Écrire et comparer des nombres en utilisant des puissances de dix et la notation scientifique.
C4_D_4E_ATT_NOMBRES_PUISS_001;rappel;Cherche la propriété ou la démarche qui caractérise précisément la notion demandée.
C4_D_4E_ATT_NOMBRES_PUISS_001;enonce;Quelle description correspond le mieux à « Nombres, puissances et notation scientifique » ?
C4_D_4E_ATT_NOMBRES_PUISS_001;option_1;Écrire et comparer des nombres en utilisant des puissances de dix et la notation scientifique.
C4_D_4E_ATT_NOMBRES_PUISS_001;option_2;Effectuer des calculs exacts avec des fractions et d'autres nombres rationnels.
C4_D_4E_ATT_NOMBRES_PUISS_001;option_3;Utiliser multiples, diviseurs et nombres premiers pour étudier des entiers.
C4_D_4E_ATT_NOMBRES_PUISS_001;option_4;Produire et transformer des expressions contenant des lettres qui représentent des nombres.
C4_D_4E_ATT_NOMBRES_PUISS_001;correcte;1
C4_D_4E_ATT_NOMBRES_PUISS_001;feedback_1;[[Je vois]] La question porte sur « Nombres, puissances et notation scientifique ». [[Je sais]] Écrire et comparer des nombres en utilisant des puissances de dix et la notation scientifique. [[J'en déduis]] Cette description correspond bien à la notion demandée.
C4_D_4E_ATT_NOMBRES_PUISS_001;feedback_2;Cette proposition décrit une autre notion du programme. Compare-la avec la définition et le rappel.
C4_D_4E_ATT_NOMBRES_PUISS_001;feedback_3;Cette proposition décrit une autre notion du programme. Compare-la avec la définition et le rappel.
C4_D_4E_ATT_NOMBRES_PUISS_001;feedback_4;Cette proposition décrit une autre notion du programme. Compare-la avec la définition et le rappel.
C4_TOLD_4E_ATT_RATIONNELS_001;intention;identifier
C4_TOLD_4E_ATT_RATIONNELS_001;notion;Calcul avec les nombres rationnels
C4_TOLD_4E_ATT_RATIONNELS_001;definition;Effectuer des calculs exacts avec des fractions et d'autres nombres rationnels.
C4_TOLD_4E_ATT_RATIONNELS_001;rappel;Cherche la propriété ou la démarche qui caractérise précisément la notion demandée.
C4_TOLD_4E_ATT_RATIONNELS_001;enonce;Quelle description correspond le mieux à « Calcul avec les nombres rationnels » ?
C4_TOLD_4E_ATT_RATIONNELS_001;option_1;Effectuer des calculs exacts avec des fractions et d'autres nombres rationnels.
C4_TOLD_4E_ATT_RATIONNELS_001;option_2;Écrire et comparer des nombres en utilisant des puissances de dix et la notation scientifique.
C4_TOLD_4E_ATT_RATIONNELS_001;option_3;Utiliser multiples, diviseurs et nombres premiers pour étudier des entiers.
C4_TOLD_4E_ATT_RATIONNELS_001;option_4;Produire et transformer des expressions contenant des lettres qui représentent des nombres.
C4_TOLD_4E_ATT_RATIONNELS_001;correcte;1
C4_TOLD_4E_ATT_RATIONNELS_001;feedback_1;[[Je vois]] La question porte sur « Calcul avec les nombres rationnels ». [[Je sais]] Effectuer des calculs exacts avec des fractions et d'autres nombres rationnels. [[J'en déduis]] Cette description correspond bien à la notion demandée.
C4_TOLD_4E_ATT_RATIONNELS_001;feedback_2;Cette proposition décrit une autre notion du programme. Compare-la avec la définition et le rappel.
C4_TOLD_4E_ATT_RATIONNELS_001;feedback_3;Cette proposition décrit une autre notion du programme. Compare-la avec la définition et le rappel.
C4_TOLD_4E_ATT_RATIONNELS_001;feedback_4;Cette proposition décrit une autre notion du programme. Compare-la avec la définition et le rappel.
C4_LD_4E_ATT_DIVISIBILITE_001;intention;identifier
C4_LD_4E_ATT_DIVISIBILITE_001;notion;Divisibilité et nombres premiers
C4_LD_4E_ATT_DIVISIBILITE_001;definition;Utiliser multiples, diviseurs et nombres premiers pour étudier des entiers.
C4_LD_4E_ATT_DIVISIBILITE_001;rappel;Cherche la propriété ou la démarche qui caractérise précisément la notion demandée.
C4_LD_4E_ATT_DIVISIBILITE_001;enonce;Quelle description correspond le mieux à « Divisibilité et nombres premiers » ?
C4_LD_4E_ATT_DIVISIBILITE_001;option_1;Utiliser multiples, diviseurs et nombres premiers pour étudier des entiers.
C4_LD_4E_ATT_DIVISIBILITE_001;option_2;Écrire et comparer des nombres en utilisant des puissances de dix et la notation scientifique.
C4_LD_4E_ATT_DIVISIBILITE_001;option_3;Effectuer des calculs exacts avec des fractions et d'autres nombres rationnels.
C4_LD_4E_ATT_DIVISIBILITE_001;option_4;Produire et transformer des expressions contenant des lettres qui représentent des nombres.
C4_LD_4E_ATT_DIVISIBILITE_001;correcte;1
C4_LD_4E_ATT_DIVISIBILITE_001;feedback_1;[[Je vois]] La question porte sur « Divisibilité et nombres premiers ». [[Je sais]] Utiliser multiples, diviseurs et nombres premiers pour étudier des entiers. [[J'en déduis]] Cette description correspond bien à la notion demandée.
C4_LD_4E_ATT_DIVISIBILITE_001;feedback_2;Cette proposition décrit une autre notion du programme. Compare-la avec la définition et le rappel.
C4_LD_4E_ATT_DIVISIBILITE_001;feedback_3;Cette proposition décrit une autre notion du programme. Compare-la avec la définition et le rappel.
C4_LD_4E_ATT_DIVISIBILITE_001;feedback_4;Cette proposition décrit une autre notion du programme. Compare-la avec la définition et le rappel.
C4_MATOLD_4E_ATT_LITTERAL_001;intention;identifier
C4_MATOLD_4E_ATT_LITTERAL_001;notion;Calcul littéral
C4_MATOLD_4E_ATT_LITTERAL_001;definition;Produire et transformer des expressions contenant des lettres qui représentent des nombres.
C4_MATOLD_4E_ATT_LITTERAL_001;rappel;Cherche la propriété ou la démarche qui caractérise précisément la notion demandée.
C4_MATOLD_4E_ATT_LITTERAL_001;enonce;Quelle description correspond le mieux à « Calcul littéral » ?
C4_MATOLD_4E_ATT_LITTERAL_001;option_1;Produire et transformer des expressions contenant des lettres qui représentent des nombres.
C4_MATOLD_4E_ATT_LITTERAL_001;option_2;Écrire et comparer des nombres en utilisant des puissances de dix et la notation scientifique.
C4_MATOLD_4E_ATT_LITTERAL_001;option_3;Effectuer des calculs exacts avec des fractions et d'autres nombres rationnels.
C4_MATOLD_4E_ATT_LITTERAL_001;option_4;Utiliser multiples, diviseurs et nombres premiers pour étudier des entiers.
C4_MATOLD_4E_ATT_LITTERAL_001;correcte;1
C4_MATOLD_4E_ATT_LITTERAL_001;feedback_1;[[Je vois]] La question porte sur « Calcul littéral ». [[Je sais]] Produire et transformer des expressions contenant des lettres qui représentent des nombres. [[J'en déduis]] Cette description correspond bien à la notion demandée.
C4_MATOLD_4E_ATT_LITTERAL_001;feedback_2;Cette proposition décrit une autre notion du programme. Compare-la avec la définition et le rappel.
C4_MATOLD_4E_ATT_LITTERAL_001;feedback_3;Cette proposition décrit une autre notion du programme. Compare-la avec la définition et le rappel.
C4_MATOLD_4E_ATT_LITTERAL_001;feedback_4;Cette proposition décrit une autre notion du programme. Compare-la avec la définition et le rappel.
C4_ITM_MATOLD_4E_ATT_STAT_001;intention;identifier
C4_ITM_MATOLD_4E_ATT_STAT_001;notion;Données et médiane
C4_ITM_MATOLD_4E_ATT_STAT_001;definition;Ordonner une série et déterminer une valeur qui partage les données en deux groupes de même effectif.
C4_ITM_MATOLD_4E_ATT_STAT_001;rappel;Cherche la propriété ou la démarche qui caractérise précisément la notion demandée.
C4_ITM_MATOLD_4E_ATT_STAT_001;enonce;Quelle description correspond le mieux à « Données et médiane » ?
C4_ITM_MATOLD_4E_ATT_STAT_001;option_1;Ordonner une série et déterminer une valeur qui partage les données en deux groupes de même effectif.
C4_ITM_MATOLD_4E_ATT_STAT_001;option_2;Écrire et comparer des nombres en utilisant des puissances de dix et la notation scientifique.
C4_ITM_MATOLD_4E_ATT_STAT_001;option_3;Effectuer des calculs exacts avec des fractions et d'autres nombres rationnels.
C4_ITM_MATOLD_4E_ATT_STAT_001;option_4;Utiliser multiples, diviseurs et nombres premiers pour étudier des entiers.
C4_ITM_MATOLD_4E_ATT_STAT_001;correcte;1
C4_ITM_MATOLD_4E_ATT_STAT_001;feedback_1;[[Je vois]] La question porte sur « Données et médiane ». [[Je sais]] Ordonner une série et déterminer une valeur qui partage les données en deux groupes de même effectif. [[J'en déduis]] Cette description correspond bien à la notion demandée.
C4_ITM_MATOLD_4E_ATT_STAT_001;feedback_2;Cette proposition décrit une autre notion du programme. Compare-la avec la définition et le rappel.
C4_ITM_MATOLD_4E_ATT_STAT_001;feedback_3;Cette proposition décrit une autre notion du programme. Compare-la avec la définition et le rappel.
C4_ITM_MATOLD_4E_ATT_STAT_001;feedback_4;Cette proposition décrit une autre notion du programme. Compare-la avec la définition et le rappel.
C4_TM_MATOLD_4E_ATT_PROBA_001;intention;identifier
C4_TM_MATOLD_4E_ATT_PROBA_001;notion;Probabilités
C4_TM_MATOLD_4E_ATT_PROBA_001;definition;Calculer ou interpréter la probabilité d'un événement dans une expérience aléatoire.
C4_TM_MATOLD_4E_ATT_PROBA_001;rappel;Cherche la propriété ou la démarche qui caractérise précisément la notion demandée.
C4_TM_MATOLD_4E_ATT_PROBA_001;enonce;Quelle description correspond le mieux à « Probabilités » ?
C4_TM_MATOLD_4E_ATT_PROBA_001;option_1;Calculer ou interpréter la probabilité d'un événement dans une expérience aléatoire.
C4_TM_MATOLD_4E_ATT_PROBA_001;option_2;Écrire et comparer des nombres en utilisant des puissances de dix et la notation scientifique.
C4_TM_MATOLD_4E_ATT_PROBA_001;option_3;Effectuer des calculs exacts avec des fractions et d'autres nombres rationnels.
C4_TM_MATOLD_4E_ATT_PROBA_001;option_4;Utiliser multiples, diviseurs et nombres premiers pour étudier des entiers.
C4_TM_MATOLD_4E_ATT_PROBA_001;correcte;1
C4_TM_MATOLD_4E_ATT_PROBA_001;feedback_1;[[Je vois]] La question porte sur « Probabilités ». [[Je sais]] Calculer ou interpréter la probabilité d'un événement dans une expérience aléatoire. [[J'en déduis]] Cette description correspond bien à la notion demandée.
C4_TM_MATOLD_4E_ATT_PROBA_001;feedback_2;Cette proposition décrit une autre notion du programme. Compare-la avec la définition et le rappel.
C4_TM_MATOLD_4E_ATT_PROBA_001;feedback_3;Cette proposition décrit une autre notion du programme. Compare-la avec la définition et le rappel.
C4_TM_MATOLD_4E_ATT_PROBA_001;feedback_4;Cette proposition décrit une autre notion du programme. Compare-la avec la définition et le rappel.
C4_TOLD_4E_ATT_PROPORTION_001;intention;identifier
C4_TOLD_4E_ATT_PROPORTION_001;notion;Proportionnalité
C4_TOLD_4E_ATT_PROPORTION_001;definition;Reconnaître une relation multiplicative constante et l'utiliser pour calculer une valeur manquante.
C4_TOLD_4E_ATT_PROPORTION_001;rappel;Cherche la propriété ou la démarche qui caractérise précisément la notion demandée.
C4_TOLD_4E_ATT_PROPORTION_001;enonce;Quelle description correspond le mieux à « Proportionnalité » ?
C4_TOLD_4E_ATT_PROPORTION_001;option_1;Reconnaître une relation multiplicative constante et l'utiliser pour calculer une valeur manquante.
C4_TOLD_4E_ATT_PROPORTION_001;option_2;Écrire et comparer des nombres en utilisant des puissances de dix et la notation scientifique.
C4_TOLD_4E_ATT_PROPORTION_001;option_3;Effectuer des calculs exacts avec des fractions et d'autres nombres rationnels.
C4_TOLD_4E_ATT_PROPORTION_001;option_4;Utiliser multiples, diviseurs et nombres premiers pour étudier des entiers.
C4_TOLD_4E_ATT_PROPORTION_001;correcte;1
C4_TOLD_4E_ATT_PROPORTION_001;feedback_1;[[Je vois]] La question porte sur « Proportionnalité ». [[Je sais]] Reconnaître une relation multiplicative constante et l'utiliser pour calculer une valeur manquante. [[J'en déduis]] Cette description correspond bien à la notion demandée.
C4_TOLD_4E_ATT_PROPORTION_001;feedback_2;Cette proposition décrit une autre notion du programme. Compare-la avec la définition et le rappel.
C4_TOLD_4E_ATT_PROPORTION_001;feedback_3;Cette proposition décrit une autre notion du programme. Compare-la avec la définition et le rappel.
C4_TOLD_4E_ATT_PROPORTION_001;feedback_4;Cette proposition décrit une autre notion du programme. Compare-la avec la définition et le rappel.
C4_ATOLD_4E_ATT_FONCTIONS_001;intention;identifier
C4_ATOLD_4E_ATT_FONCTIONS_001;notion;Notion de fonction
C4_ATOLD_4E_ATT_FONCTIONS_001;definition;Associer à chaque valeur admissible d'une variable une unique valeur obtenue par une règle.
C4_ATOLD_4E_ATT_FONCTIONS_001;rappel;Cherche la propriété ou la démarche qui caractérise précisément la notion demandée.
C4_ATOLD_4E_ATT_FONCTIONS_001;enonce;Quelle description correspond le mieux à « Notion de fonction » ?
C4_ATOLD_4E_ATT_FONCTIONS_001;option_1;Associer à chaque valeur admissible d'une variable une unique valeur obtenue par une règle.
C4_ATOLD_4E_ATT_FONCTIONS_001;option_2;Écrire et comparer des nombres en utilisant des puissances de dix et la notation scientifique.
C4_ATOLD_4E_ATT_FONCTIONS_001;option_3;Effectuer des calculs exacts avec des fractions et d'autres nombres rationnels.
C4_ATOLD_4E_ATT_FONCTIONS_001;option_4;Utiliser multiples, diviseurs et nombres premiers pour étudier des entiers.
C4_ATOLD_4E_ATT_FONCTIONS_001;correcte;1
C4_ATOLD_4E_ATT_FONCTIONS_001;feedback_1;[[Je vois]] La question porte sur « Notion de fonction ». [[Je sais]] Associer à chaque valeur admissible d'une variable une unique valeur obtenue par une règle. [[J'en déduis]] Cette description correspond bien à la notion demandée.
C4_ATOLD_4E_ATT_FONCTIONS_001;feedback_2;Cette proposition décrit une autre notion du programme. Compare-la avec la définition et le rappel.
C4_ATOLD_4E_ATT_FONCTIONS_001;feedback_3;Cette proposition décrit une autre notion du programme. Compare-la avec la définition et le rappel.
C4_ATOLD_4E_ATT_FONCTIONS_001;feedback_4;Cette proposition décrit une autre notion du programme. Compare-la avec la définition et le rappel.
C4_ATOLD_4E_ATT_GRANDEURS_001;intention;identifier
C4_ATOLD_4E_ATT_GRANDEURS_001;notion;Volumes et grandeurs composées
C4_ATOLD_4E_ATT_GRANDEURS_001;definition;Calculer un volume ou une grandeur quotient comme une vitesse ou une masse volumique.
C4_ATOLD_4E_ATT_GRANDEURS_001;rappel;Cherche la propriété ou la démarche qui caractérise précisément la notion demandée.
C4_ATOLD_4E_ATT_GRANDEURS_001;enonce;Quelle description correspond le mieux à « Volumes et grandeurs composées » ?
C4_ATOLD_4E_ATT_GRANDEURS_001;option_1;Calculer un volume ou une grandeur quotient comme une vitesse ou une masse volumique.
C4_ATOLD_4E_ATT_GRANDEURS_001;option_2;Écrire et comparer des nombres en utilisant des puissances de dix et la notation scientifique.
C4_ATOLD_4E_ATT_GRANDEURS_001;option_3;Effectuer des calculs exacts avec des fractions et d'autres nombres rationnels.
C4_ATOLD_4E_ATT_GRANDEURS_001;option_4;Utiliser multiples, diviseurs et nombres premiers pour étudier des entiers.
C4_ATOLD_4E_ATT_GRANDEURS_001;correcte;1
C4_ATOLD_4E_ATT_GRANDEURS_001;feedback_1;[[Je vois]] La question porte sur « Volumes et grandeurs composées ». [[Je sais]] Calculer un volume ou une grandeur quotient comme une vitesse ou une masse volumique. [[J'en déduis]] Cette description correspond bien à la notion demandée.
C4_ATOLD_4E_ATT_GRANDEURS_001;feedback_2;Cette proposition décrit une autre notion du programme. Compare-la avec la définition et le rappel.
C4_ATOLD_4E_ATT_GRANDEURS_001;feedback_3;Cette proposition décrit une autre notion du programme. Compare-la avec la définition et le rappel.
C4_ATOLD_4E_ATT_GRANDEURS_001;feedback_4;Cette proposition décrit une autre notion du programme. Compare-la avec la définition et le rappel.
C4__MATOLD_4E_ATT_TRANSFO_001;intention;identifier
C4__MATOLD_4E_ATT_TRANSFO_001;notion;Agrandissements et translations
C4__MATOLD_4E_ATT_TRANSFO_001;definition;Étudier l'effet d'un agrandissement ou d'une translation sur une figure géométrique.
C4__MATOLD_4E_ATT_TRANSFO_001;rappel;Cherche la propriété ou la démarche qui caractérise précisément la notion demandée.
C4__MATOLD_4E_ATT_TRANSFO_001;enonce;Quelle description correspond le mieux à « Agrandissements et translations » ?
C4__MATOLD_4E_ATT_TRANSFO_001;option_1;Étudier l'effet d'un agrandissement ou d'une translation sur une figure géométrique.
C4__MATOLD_4E_ATT_TRANSFO_001;option_2;Écrire et comparer des nombres en utilisant des puissances de dix et la notation scientifique.
C4__MATOLD_4E_ATT_TRANSFO_001;option_3;Effectuer des calculs exacts avec des fractions et d'autres nombres rationnels.
C4__MATOLD_4E_ATT_TRANSFO_001;option_4;Utiliser multiples, diviseurs et nombres premiers pour étudier des entiers.
C4__MATOLD_4E_ATT_TRANSFO_001;correcte;1
C4__MATOLD_4E_ATT_TRANSFO_001;feedback_1;[[Je vois]] La question porte sur « Agrandissements et translations ». [[Je sais]] Étudier l'effet d'un agrandissement ou d'une translation sur une figure géométrique. [[J'en déduis]] Cette description correspond bien à la notion demandée.
C4__MATOLD_4E_ATT_TRANSFO_001;feedback_2;Cette proposition décrit une autre notion du programme. Compare-la avec la définition et le rappel.
C4__MATOLD_4E_ATT_TRANSFO_001;feedback_3;Cette proposition décrit une autre notion du programme. Compare-la avec la définition et le rappel.
C4__MATOLD_4E_ATT_TRANSFO_001;feedback_4;Cette proposition décrit une autre notion du programme. Compare-la avec la définition et le rappel.
C4_M_MATOLD_4E_ATT_ESPACE_001;intention;identifier
C4_M_MATOLD_4E_ATT_ESPACE_001;notion;Repérage et solides dans l’espace
C4_M_MATOLD_4E_ATT_ESPACE_001;definition;Utiliser des coordonnées ou des représentations pour se repérer dans l'espace et étudier des solides.
C4_M_MATOLD_4E_ATT_ESPACE_001;rappel;Cherche la propriété ou la démarche qui caractérise précisément la notion demandée.
C4_M_MATOLD_4E_ATT_ESPACE_001;enonce;Quelle description correspond le mieux à « Repérage et solides dans l’espace » ?
C4_M_MATOLD_4E_ATT_ESPACE_001;option_1;Utiliser des coordonnées ou des représentations pour se repérer dans l'espace et étudier des solides.
C4_M_MATOLD_4E_ATT_ESPACE_001;option_2;Écrire et comparer des nombres en utilisant des puissances de dix et la notation scientifique.
C4_M_MATOLD_4E_ATT_ESPACE_001;option_3;Effectuer des calculs exacts avec des fractions et d'autres nombres rationnels.
C4_M_MATOLD_4E_ATT_ESPACE_001;option_4;Utiliser multiples, diviseurs et nombres premiers pour étudier des entiers.
C4_M_MATOLD_4E_ATT_ESPACE_001;correcte;1
C4_M_MATOLD_4E_ATT_ESPACE_001;feedback_1;[[Je vois]] La question porte sur « Repérage et solides dans l’espace ». [[Je sais]] Utiliser des coordonnées ou des représentations pour se repérer dans l'espace et étudier des solides. [[J'en déduis]] Cette description correspond bien à la notion demandée.
C4_M_MATOLD_4E_ATT_ESPACE_001;feedback_2;Cette proposition décrit une autre notion du programme. Compare-la avec la définition et le rappel.
C4_M_MATOLD_4E_ATT_ESPACE_001;feedback_3;Cette proposition décrit une autre notion du programme. Compare-la avec la définition et le rappel.
C4_M_MATOLD_4E_ATT_ESPACE_001;feedback_4;Cette proposition décrit une autre notion du programme. Compare-la avec la définition et le rappel.
C4_M_MATOLD_4E_ATT_THALES_001;intention;identifier
C4_M_MATOLD_4E_ATT_THALES_001;notion;Théorème de Thalès
C4_M_MATOLD_4E_ATT_THALES_001;definition;Utiliser le parallélisme pour établir des rapports égaux entre longueurs correspondantes.
C4_M_MATOLD_4E_ATT_THALES_001;rappel;Cherche la propriété ou la démarche qui caractérise précisément la notion demandée.
C4_M_MATOLD_4E_ATT_THALES_001;enonce;Quelle description correspond le mieux à « Théorème de Thalès » ?
C4_M_MATOLD_4E_ATT_THALES_001;option_1;Utiliser le parallélisme pour établir des rapports égaux entre longueurs correspondantes.
C4_M_MATOLD_4E_ATT_THALES_001;option_2;Écrire et comparer des nombres en utilisant des puissances de dix et la notation scientifique.
C4_M_MATOLD_4E_ATT_THALES_001;option_3;Effectuer des calculs exacts avec des fractions et d'autres nombres rationnels.
C4_M_MATOLD_4E_ATT_THALES_001;option_4;Utiliser multiples, diviseurs et nombres premiers pour étudier des entiers.
C4_M_MATOLD_4E_ATT_THALES_001;correcte;1
C4_M_MATOLD_4E_ATT_THALES_001;feedback_1;[[Je vois]] La question porte sur « Théorème de Thalès ». [[Je sais]] Utiliser le parallélisme pour établir des rapports égaux entre longueurs correspondantes. [[J'en déduis]] Cette description correspond bien à la notion demandée.
C4_M_MATOLD_4E_ATT_THALES_001;feedback_2;Cette proposition décrit une autre notion du programme. Compare-la avec la définition et le rappel.
C4_M_MATOLD_4E_ATT_THALES_001;feedback_3;Cette proposition décrit une autre notion du programme. Compare-la avec la définition et le rappel.
C4_M_MATOLD_4E_ATT_THALES_001;feedback_4;Cette proposition décrit une autre notion du programme. Compare-la avec la définition et le rappel.
C4__MATOLD_4E_ATT_COSINUS_001;intention;identifier
C4__MATOLD_4E_ATT_COSINUS_001;notion;Cosinus dans le triangle rectangle
C4__MATOLD_4E_ATT_COSINUS_001;definition;Dans un triangle rectangle, relier un angle aigu au rapport côté adjacent sur hypoténuse.
C4__MATOLD_4E_ATT_COSINUS_001;rappel;Cherche la propriété ou la démarche qui caractérise précisément la notion demandée.
C4__MATOLD_4E_ATT_COSINUS_001;enonce;Quelle description correspond le mieux à « Cosinus dans le triangle rectangle » ?
C4__MATOLD_4E_ATT_COSINUS_001;option_1;Dans un triangle rectangle, relier un angle aigu au rapport côté adjacent sur hypoténuse.
C4__MATOLD_4E_ATT_COSINUS_001;option_2;Écrire et comparer des nombres en utilisant des puissances de dix et la notation scientifique.
C4__MATOLD_4E_ATT_COSINUS_001;option_3;Effectuer des calculs exacts avec des fractions et d'autres nombres rationnels.
C4__MATOLD_4E_ATT_COSINUS_001;option_4;Utiliser multiples, diviseurs et nombres premiers pour étudier des entiers.
C4__MATOLD_4E_ATT_COSINUS_001;correcte;1
C4__MATOLD_4E_ATT_COSINUS_001;feedback_1;[[Je vois]] La question porte sur « Cosinus dans le triangle rectangle ». [[Je sais]] Dans un triangle rectangle, relier un angle aigu au rapport côté adjacent sur hypoténuse. [[J'en déduis]] Cette description correspond bien à la notion demandée.
C4__MATOLD_4E_ATT_COSINUS_001;feedback_2;Cette proposition décrit une autre notion du programme. Compare-la avec la définition et le rappel.
C4__MATOLD_4E_ATT_COSINUS_001;feedback_3;Cette proposition décrit une autre notion du programme. Compare-la avec la définition et le rappel.
C4__MATOLD_4E_ATT_COSINUS_001;feedback_4;Cette proposition décrit une autre notion du programme. Compare-la avec la définition et le rappel.
C4_D_4E_ATT_DEMONSTRATION_001;intention;identifier
C4_D_4E_ATT_DEMONSTRATION_001;notion;Raisonnement géométrique
C4_D_4E_ATT_DEMONSTRATION_001;definition;Utiliser des propriétés géométriques et des déductions pour justifier une conclusion.
C4_D_4E_ATT_DEMONSTRATION_001;rappel;Cherche la propriété ou la démarche qui caractérise précisément la notion demandée.
C4_D_4E_ATT_DEMONSTRATION_001;enonce;Quelle description correspond le mieux à « Raisonnement géométrique » ?
C4_D_4E_ATT_DEMONSTRATION_001;option_1;Utiliser des propriétés géométriques et des déductions pour justifier une conclusion.
C4_D_4E_ATT_DEMONSTRATION_001;option_2;Écrire et comparer des nombres en utilisant des puissances de dix et la notation scientifique.
C4_D_4E_ATT_DEMONSTRATION_001;option_3;Effectuer des calculs exacts avec des fractions et d'autres nombres rationnels.
C4_D_4E_ATT_DEMONSTRATION_001;option_4;Utiliser multiples, diviseurs et nombres premiers pour étudier des entiers.
C4_D_4E_ATT_DEMONSTRATION_001;correcte;1
C4_D_4E_ATT_DEMONSTRATION_001;feedback_1;[[Je vois]] La question porte sur « Raisonnement géométrique ». [[Je sais]] Utiliser des propriétés géométriques et des déductions pour justifier une conclusion. [[J'en déduis]] Cette description correspond bien à la notion demandée.
C4_D_4E_ATT_DEMONSTRATION_001;feedback_2;Cette proposition décrit une autre notion du programme. Compare-la avec la définition et le rappel.
C4_D_4E_ATT_DEMONSTRATION_001;feedback_3;Cette proposition décrit une autre notion du programme. Compare-la avec la définition et le rappel.
C4_D_4E_ATT_DEMONSTRATION_001;feedback_4;Cette proposition décrit une autre notion du programme. Compare-la avec la définition et le rappel.
C4_ITM_MATOLD_4E_ATT_ALGO_001;intention;identifier
C4_ITM_MATOLD_4E_ATT_ALGO_001;notion;Algorithmique et programmation
C4_ITM_MATOLD_4E_ATT_ALGO_001;definition;Lire ou écrire un algorithme simple utilisant variables, conditions et boucles.
C4_ITM_MATOLD_4E_ATT_ALGO_001;rappel;Cherche la propriété ou la démarche qui caractérise précisément la notion demandée.
C4_ITM_MATOLD_4E_ATT_ALGO_001;enonce;Quelle description correspond le mieux à « Algorithmique et programmation » ?
C4_ITM_MATOLD_4E_ATT_ALGO_001;option_1;Lire ou écrire un algorithme simple utilisant variables, conditions et boucles.
C4_ITM_MATOLD_4E_ATT_ALGO_001;option_2;Écrire et comparer des nombres en utilisant des puissances de dix et la notation scientifique.
C4_ITM_MATOLD_4E_ATT_ALGO_001;option_3;Effectuer des calculs exacts avec des fractions et d'autres nombres rationnels.
C4_ITM_MATOLD_4E_ATT_ALGO_001;option_4;Utiliser multiples, diviseurs et nombres premiers pour étudier des entiers.
C4_ITM_MATOLD_4E_ATT_ALGO_001;correcte;1
C4_ITM_MATOLD_4E_ATT_ALGO_001;feedback_1;[[Je vois]] La question porte sur « Algorithmique et programmation ». [[Je sais]] Lire ou écrire un algorithme simple utilisant variables, conditions et boucles. [[J'en déduis]] Cette description correspond bien à la notion demandée.
C4_ITM_MATOLD_4E_ATT_ALGO_001;feedback_2;Cette proposition décrit une autre notion du programme. Compare-la avec la définition et le rappel.
C4_ITM_MATOLD_4E_ATT_ALGO_001;feedback_3;Cette proposition décrit une autre notion du programme. Compare-la avec la définition et le rappel.
C4_ITM_MATOLD_4E_ATT_ALGO_001;feedback_4;Cette proposition décrit une autre notion du programme. Compare-la avec la définition et le rappel.
C3_TM_MATOLD_3E_ATT_PUISS_001;intention;identifier
C3_TM_MATOLD_3E_ATT_PUISS_001;notion;Puissances et notation scientifique
C3_TM_MATOLD_3E_ATT_PUISS_001;definition;Mobiliser cette notion pour choisir une démarche correcte et justifier le résultat obtenu.
C3_TM_MATOLD_3E_ATT_PUISS_001;rappel;Cherche la propriété ou la démarche qui caractérise précisément la notion demandée.
C3_TM_MATOLD_3E_ATT_PUISS_001;enonce;Quelle description correspond le mieux à « Puissances et notation scientifique » ?
C3_TM_MATOLD_3E_ATT_PUISS_001;option_1;Mobiliser cette notion pour choisir une démarche correcte et justifier le résultat obtenu.
C3_TM_MATOLD_3E_ATT_PUISS_001;option_2;Utiliser des nombres rationnels et des racines carrées dans des calculs exacts ou approchés.
C3_TM_MATOLD_3E_ATT_PUISS_001;option_3;Décomposer des entiers en facteurs premiers et exploiter cette décomposition.
C3_TM_MATOLD_3E_ATT_PUISS_001;option_4;Transformer une expression littérale en développant, réduisant ou factorisant selon le besoin.
C3_TM_MATOLD_3E_ATT_PUISS_001;correcte;1
C3_TM_MATOLD_3E_ATT_PUISS_001;feedback_1;[[Je vois]] La question porte sur « Puissances et notation scientifique ». [[Je sais]] Mobiliser cette notion pour choisir une démarche correcte et justifier le résultat obtenu. [[J'en déduis]] Cette description correspond bien à la notion demandée.
C3_TM_MATOLD_3E_ATT_PUISS_001;feedback_2;Cette proposition décrit une autre notion du programme. Compare-la avec la définition et le rappel.
C3_TM_MATOLD_3E_ATT_PUISS_001;feedback_3;Cette proposition décrit une autre notion du programme. Compare-la avec la définition et le rappel.
C3_TM_MATOLD_3E_ATT_PUISS_001;feedback_4;Cette proposition décrit une autre notion du programme. Compare-la avec la définition et le rappel.
C3_TOLD_3E_ATT_RATIONNELS_001;intention;identifier
C3_TOLD_3E_ATT_RATIONNELS_001;notion;Nombres rationnels et racines carrées
C3_TOLD_3E_ATT_RATIONNELS_001;definition;Utiliser des nombres rationnels et des racines carrées dans des calculs exacts ou approchés.
C3_TOLD_3E_ATT_RATIONNELS_001;rappel;Cherche la propriété ou la démarche qui caractérise précisément la notion demandée.
C3_TOLD_3E_ATT_RATIONNELS_001;enonce;Quelle description correspond le mieux à « Nombres rationnels et racines carrées » ?
C3_TOLD_3E_ATT_RATIONNELS_001;option_1;Utiliser des nombres rationnels et des racines carrées dans des calculs exacts ou approchés.
C3_TOLD_3E_ATT_RATIONNELS_001;option_2;Mobiliser cette notion pour choisir une démarche correcte et justifier le résultat obtenu.
C3_TOLD_3E_ATT_RATIONNELS_001;option_3;Décomposer des entiers en facteurs premiers et exploiter cette décomposition.
C3_TOLD_3E_ATT_RATIONNELS_001;option_4;Transformer une expression littérale en développant, réduisant ou factorisant selon le besoin.
C3_TOLD_3E_ATT_RATIONNELS_001;correcte;1
C3_TOLD_3E_ATT_RATIONNELS_001;feedback_1;[[Je vois]] La question porte sur « Nombres rationnels et racines carrées ». [[Je sais]] Utiliser des nombres rationnels et des racines carrées dans des calculs exacts ou approchés. [[J'en déduis]] Cette description correspond bien à la notion demandée.
C3_TOLD_3E_ATT_RATIONNELS_001;feedback_2;Cette proposition décrit une autre notion du programme. Compare-la avec la définition et le rappel.
C3_TOLD_3E_ATT_RATIONNELS_001;feedback_3;Cette proposition décrit une autre notion du programme. Compare-la avec la définition et le rappel.
C3_TOLD_3E_ATT_RATIONNELS_001;feedback_4;Cette proposition décrit une autre notion du programme. Compare-la avec la définition et le rappel.
C3_LD_3E_ATT_DIVISIBILITE_001;intention;identifier
C3_LD_3E_ATT_DIVISIBILITE_001;notion;Divisibilité et facteurs premiers
C3_LD_3E_ATT_DIVISIBILITE_001;definition;Décomposer des entiers en facteurs premiers et exploiter cette décomposition.
C3_LD_3E_ATT_DIVISIBILITE_001;rappel;Cherche la propriété ou la démarche qui caractérise précisément la notion demandée.
C3_LD_3E_ATT_DIVISIBILITE_001;enonce;Quelle description correspond le mieux à « Divisibilité et facteurs premiers » ?
C3_LD_3E_ATT_DIVISIBILITE_001;option_1;Décomposer des entiers en facteurs premiers et exploiter cette décomposition.
C3_LD_3E_ATT_DIVISIBILITE_001;option_2;Mobiliser cette notion pour choisir une démarche correcte et justifier le résultat obtenu.
C3_LD_3E_ATT_DIVISIBILITE_001;option_3;Utiliser des nombres rationnels et des racines carrées dans des calculs exacts ou approchés.
C3_LD_3E_ATT_DIVISIBILITE_001;option_4;Transformer une expression littérale en développant, réduisant ou factorisant selon le besoin.
C3_LD_3E_ATT_DIVISIBILITE_001;correcte;1
C3_LD_3E_ATT_DIVISIBILITE_001;feedback_1;[[Je vois]] La question porte sur « Divisibilité et facteurs premiers ». [[Je sais]] Décomposer des entiers en facteurs premiers et exploiter cette décomposition. [[J'en déduis]] Cette description correspond bien à la notion demandée.
C3_LD_3E_ATT_DIVISIBILITE_001;feedback_2;Cette proposition décrit une autre notion du programme. Compare-la avec la définition et le rappel.
C3_LD_3E_ATT_DIVISIBILITE_001;feedback_3;Cette proposition décrit une autre notion du programme. Compare-la avec la définition et le rappel.
C3_LD_3E_ATT_DIVISIBILITE_001;feedback_4;Cette proposition décrit une autre notion du programme. Compare-la avec la définition et le rappel.
C3_MATOLD_3E_ATT_LITTERAL_001;intention;identifier
C3_MATOLD_3E_ATT_LITTERAL_001;notion;Calcul littéral avancé
C3_MATOLD_3E_ATT_LITTERAL_001;definition;Transformer une expression littérale en développant, réduisant ou factorisant selon le besoin.
C3_MATOLD_3E_ATT_LITTERAL_001;rappel;Cherche la propriété ou la démarche qui caractérise précisément la notion demandée.
C3_MATOLD_3E_ATT_LITTERAL_001;enonce;Quelle description correspond le mieux à « Calcul littéral avancé » ?
C3_MATOLD_3E_ATT_LITTERAL_001;option_1;Transformer une expression littérale en développant, réduisant ou factorisant selon le besoin.
C3_MATOLD_3E_ATT_LITTERAL_001;option_2;Mobiliser cette notion pour choisir une démarche correcte et justifier le résultat obtenu.
C3_MATOLD_3E_ATT_LITTERAL_001;option_3;Utiliser des nombres rationnels et des racines carrées dans des calculs exacts ou approchés.
C3_MATOLD_3E_ATT_LITTERAL_001;option_4;Décomposer des entiers en facteurs premiers et exploiter cette décomposition.
C3_MATOLD_3E_ATT_LITTERAL_001;correcte;1
C3_MATOLD_3E_ATT_LITTERAL_001;feedback_1;[[Je vois]] La question porte sur « Calcul littéral avancé ». [[Je sais]] Transformer une expression littérale en développant, réduisant ou factorisant selon le besoin. [[J'en déduis]] Cette description correspond bien à la notion demandée.
C3_MATOLD_3E_ATT_LITTERAL_001;feedback_2;Cette proposition décrit une autre notion du programme. Compare-la avec la définition et le rappel.
C3_MATOLD_3E_ATT_LITTERAL_001;feedback_3;Cette proposition décrit une autre notion du programme. Compare-la avec la définition et le rappel.
C3_MATOLD_3E_ATT_LITTERAL_001;feedback_4;Cette proposition décrit une autre notion du programme. Compare-la avec la définition et le rappel.
C3_ATOLD_3E_ATT_EQUATIONS_001;intention;identifier
C3_ATOLD_3E_ATT_EQUATIONS_001;notion;Équations et équations-produits
C3_ATOLD_3E_ATT_EQUATIONS_001;definition;Résoudre une équation et utiliser la propriété du produit nul lorsqu'une expression factorisée vaut zéro.
C3_ATOLD_3E_ATT_EQUATIONS_001;rappel;Cherche la propriété ou la démarche qui caractérise précisément la notion demandée.
C3_ATOLD_3E_ATT_EQUATIONS_001;enonce;Quelle description correspond le mieux à « Équations et équations-produits » ?
C3_ATOLD_3E_ATT_EQUATIONS_001;option_1;Résoudre une équation et utiliser la propriété du produit nul lorsqu'une expression factorisée vaut zéro.
C3_ATOLD_3E_ATT_EQUATIONS_001;option_2;Mobiliser cette notion pour choisir une démarche correcte et justifier le résultat obtenu.
C3_ATOLD_3E_ATT_EQUATIONS_001;option_3;Utiliser des nombres rationnels et des racines carrées dans des calculs exacts ou approchés.
C3_ATOLD_3E_ATT_EQUATIONS_001;option_4;Décomposer des entiers en facteurs premiers et exploiter cette décomposition.
C3_ATOLD_3E_ATT_EQUATIONS_001;correcte;1
C3_ATOLD_3E_ATT_EQUATIONS_001;feedback_1;[[Je vois]] La question porte sur « Équations et équations-produits ». [[Je sais]] Résoudre une équation et utiliser la propriété du produit nul lorsqu'une expression factorisée vaut zéro. [[J'en déduis]] Cette description correspond bien à la notion demandée.
C3_ATOLD_3E_ATT_EQUATIONS_001;feedback_2;Cette proposition décrit une autre notion du programme. Compare-la avec la définition et le rappel.
C3_ATOLD_3E_ATT_EQUATIONS_001;feedback_3;Cette proposition décrit une autre notion du programme. Compare-la avec la définition et le rappel.
C3_ATOLD_3E_ATT_EQUATIONS_001;feedback_4;Cette proposition décrit une autre notion du programme. Compare-la avec la définition et le rappel.
C3_ITM_MATOLD_3E_ATT_STAT_001;intention;identifier
C3_ITM_MATOLD_3E_ATT_STAT_001;notion;Statistiques et histogrammes
C3_ITM_MATOLD_3E_ATT_STAT_001;definition;Lire et synthétiser des données, notamment dans des représentations par classes ou histogrammes.
C3_ITM_MATOLD_3E_ATT_STAT_001;rappel;Cherche la propriété ou la démarche qui caractérise précisément la notion demandée.
C3_ITM_MATOLD_3E_ATT_STAT_001;enonce;Quelle description correspond le mieux à « Statistiques et histogrammes » ?
C3_ITM_MATOLD_3E_ATT_STAT_001;option_1;Lire et synthétiser des données, notamment dans des représentations par classes ou histogrammes.
C3_ITM_MATOLD_3E_ATT_STAT_001;option_2;Mobiliser cette notion pour choisir une démarche correcte et justifier le résultat obtenu.
C3_ITM_MATOLD_3E_ATT_STAT_001;option_3;Utiliser des nombres rationnels et des racines carrées dans des calculs exacts ou approchés.
C3_ITM_MATOLD_3E_ATT_STAT_001;option_4;Décomposer des entiers en facteurs premiers et exploiter cette décomposition.
C3_ITM_MATOLD_3E_ATT_STAT_001;correcte;1
C3_ITM_MATOLD_3E_ATT_STAT_001;feedback_1;[[Je vois]] La question porte sur « Statistiques et histogrammes ». [[Je sais]] Lire et synthétiser des données, notamment dans des représentations par classes ou histogrammes. [[J'en déduis]] Cette description correspond bien à la notion demandée.
C3_ITM_MATOLD_3E_ATT_STAT_001;feedback_2;Cette proposition décrit une autre notion du programme. Compare-la avec la définition et le rappel.
C3_ITM_MATOLD_3E_ATT_STAT_001;feedback_3;Cette proposition décrit une autre notion du programme. Compare-la avec la définition et le rappel.
C3_ITM_MATOLD_3E_ATT_STAT_001;feedback_4;Cette proposition décrit une autre notion du programme. Compare-la avec la définition et le rappel.
C3_TM_MATOLD_3E_ATT_PROBA_001;intention;identifier
C3_TM_MATOLD_3E_ATT_PROBA_001;notion;Probabilités et simulation
C3_TM_MATOLD_3E_ATT_PROBA_001;definition;Modéliser une expérience aléatoire et comparer une probabilité théorique à des fréquences simulées.
C3_TM_MATOLD_3E_ATT_PROBA_001;rappel;Cherche la propriété ou la démarche qui caractérise précisément la notion demandée.
C3_TM_MATOLD_3E_ATT_PROBA_001;enonce;Quelle description correspond le mieux à « Probabilités et simulation » ?
C3_TM_MATOLD_3E_ATT_PROBA_001;option_1;Modéliser une expérience aléatoire et comparer une probabilité théorique à des fréquences simulées.
C3_TM_MATOLD_3E_ATT_PROBA_001;option_2;Mobiliser cette notion pour choisir une démarche correcte et justifier le résultat obtenu.
C3_TM_MATOLD_3E_ATT_PROBA_001;option_3;Utiliser des nombres rationnels et des racines carrées dans des calculs exacts ou approchés.
C3_TM_MATOLD_3E_ATT_PROBA_001;option_4;Décomposer des entiers en facteurs premiers et exploiter cette décomposition.
C3_TM_MATOLD_3E_ATT_PROBA_001;correcte;1
C3_TM_MATOLD_3E_ATT_PROBA_001;feedback_1;[[Je vois]] La question porte sur « Probabilités et simulation ». [[Je sais]] Modéliser une expérience aléatoire et comparer une probabilité théorique à des fréquences simulées. [[J'en déduis]] Cette description correspond bien à la notion demandée.
C3_TM_MATOLD_3E_ATT_PROBA_001;feedback_2;Cette proposition décrit une autre notion du programme. Compare-la avec la définition et le rappel.
C3_TM_MATOLD_3E_ATT_PROBA_001;feedback_3;Cette proposition décrit une autre notion du programme. Compare-la avec la définition et le rappel.
C3_TM_MATOLD_3E_ATT_PROBA_001;feedback_4;Cette proposition décrit une autre notion du programme. Compare-la avec la définition et le rappel.
C3_TOLD_3E_ATT_PROPORTION_001;intention;identifier
C3_TOLD_3E_ATT_PROPORTION_001;notion;Proportionnalité et évolution
C3_TOLD_3E_ATT_PROPORTION_001;definition;Relier des grandeurs proportionnelles et interpréter une évolution, notamment en pourcentage.
C3_TOLD_3E_ATT_PROPORTION_001;rappel;Cherche la propriété ou la démarche qui caractérise précisément la notion demandée.
C3_TOLD_3E_ATT_PROPORTION_001;enonce;Quelle description correspond le mieux à « Proportionnalité et évolution » ?
C3_TOLD_3E_ATT_PROPORTION_001;option_1;Relier des grandeurs proportionnelles et interpréter une évolution, notamment en pourcentage.
C3_TOLD_3E_ATT_PROPORTION_001;option_2;Mobiliser cette notion pour choisir une démarche correcte et justifier le résultat obtenu.
C3_TOLD_3E_ATT_PROPORTION_001;option_3;Utiliser des nombres rationnels et des racines carrées dans des calculs exacts ou approchés.
C3_TOLD_3E_ATT_PROPORTION_001;option_4;Décomposer des entiers en facteurs premiers et exploiter cette décomposition.
C3_TOLD_3E_ATT_PROPORTION_001;correcte;1
C3_TOLD_3E_ATT_PROPORTION_001;feedback_1;[[Je vois]] La question porte sur « Proportionnalité et évolution ». [[Je sais]] Relier des grandeurs proportionnelles et interpréter une évolution, notamment en pourcentage. [[J'en déduis]] Cette description correspond bien à la notion demandée.
C3_TOLD_3E_ATT_PROPORTION_001;feedback_2;Cette proposition décrit une autre notion du programme. Compare-la avec la définition et le rappel.
C3_TOLD_3E_ATT_PROPORTION_001;feedback_3;Cette proposition décrit une autre notion du programme. Compare-la avec la définition et le rappel.
C3_TOLD_3E_ATT_PROPORTION_001;feedback_4;Cette proposition décrit une autre notion du programme. Compare-la avec la définition et le rappel.
C3_ATOLD_3E_ATT_FONCTIONS_001;intention;identifier
C3_ATOLD_3E_ATT_FONCTIONS_001;notion;Fonctions
C3_ATOLD_3E_ATT_FONCTIONS_001;definition;Passer entre une formule, un tableau de valeurs et une représentation graphique d'une fonction.
C3_ATOLD_3E_ATT_FONCTIONS_001;rappel;Cherche la propriété ou la démarche qui caractérise précisément la notion demandée.
C3_ATOLD_3E_ATT_FONCTIONS_001;enonce;Quelle description correspond le mieux à « Fonctions » ?
C3_ATOLD_3E_ATT_FONCTIONS_001;option_1;Passer entre une formule, un tableau de valeurs et une représentation graphique d'une fonction.
C3_ATOLD_3E_ATT_FONCTIONS_001;option_2;Mobiliser cette notion pour choisir une démarche correcte et justifier le résultat obtenu.
C3_ATOLD_3E_ATT_FONCTIONS_001;option_3;Utiliser des nombres rationnels et des racines carrées dans des calculs exacts ou approchés.
C3_ATOLD_3E_ATT_FONCTIONS_001;option_4;Décomposer des entiers en facteurs premiers et exploiter cette décomposition.
C3_ATOLD_3E_ATT_FONCTIONS_001;correcte;1
C3_ATOLD_3E_ATT_FONCTIONS_001;feedback_1;[[Je vois]] La question porte sur « Fonctions ». [[Je sais]] Passer entre une formule, un tableau de valeurs et une représentation graphique d'une fonction. [[J'en déduis]] Cette description correspond bien à la notion demandée.
C3_ATOLD_3E_ATT_FONCTIONS_001;feedback_2;Cette proposition décrit une autre notion du programme. Compare-la avec la définition et le rappel.
C3_ATOLD_3E_ATT_FONCTIONS_001;feedback_3;Cette proposition décrit une autre notion du programme. Compare-la avec la définition et le rappel.
C3_ATOLD_3E_ATT_FONCTIONS_001;feedback_4;Cette proposition décrit une autre notion du programme. Compare-la avec la définition et le rappel.
C3_3E_ATT_LINEAIRE_AFFINE_001;intention;identifier
C3_3E_ATT_LINEAIRE_AFFINE_001;notion;Fonctions linéaires et affines
C3_3E_ATT_LINEAIRE_AFFINE_001;definition;Relier une expression de la forme ax ou ax+b à un tableau, une droite et une situation.
C3_3E_ATT_LINEAIRE_AFFINE_001;rappel;Cherche la propriété ou la démarche qui caractérise précisément la notion demandée.
C3_3E_ATT_LINEAIRE_AFFINE_001;enonce;Quelle description correspond le mieux à « Fonctions linéaires et affines » ?
C3_3E_ATT_LINEAIRE_AFFINE_001;option_1;Relier une expression de la forme ax ou ax+b à un tableau, une droite et une situation.
C3_3E_ATT_LINEAIRE_AFFINE_001;option_2;Mobiliser cette notion pour choisir une démarche correcte et justifier le résultat obtenu.
C3_3E_ATT_LINEAIRE_AFFINE_001;option_3;Utiliser des nombres rationnels et des racines carrées dans des calculs exacts ou approchés.
C3_3E_ATT_LINEAIRE_AFFINE_001;option_4;Décomposer des entiers en facteurs premiers et exploiter cette décomposition.
C3_3E_ATT_LINEAIRE_AFFINE_001;correcte;1
C3_3E_ATT_LINEAIRE_AFFINE_001;feedback_1;[[Je vois]] La question porte sur « Fonctions linéaires et affines ». [[Je sais]] Relier une expression de la forme ax ou ax+b à un tableau, une droite et une situation. [[J'en déduis]] Cette description correspond bien à la notion demandée.
C3_3E_ATT_LINEAIRE_AFFINE_001;feedback_2;Cette proposition décrit une autre notion du programme. Compare-la avec la définition et le rappel.
C3_3E_ATT_LINEAIRE_AFFINE_001;feedback_3;Cette proposition décrit une autre notion du programme. Compare-la avec la définition et le rappel.
C3_3E_ATT_LINEAIRE_AFFINE_001;feedback_4;Cette proposition décrit une autre notion du programme. Compare-la avec la définition et le rappel.
C3_ATOLD_3E_ATT_GRANDEURS_001;intention;identifier
C3_ATOLD_3E_ATT_GRANDEURS_001;notion;Grandeurs composées et volumes
C3_ATOLD_3E_ATT_GRANDEURS_001;definition;Utiliser des produits ou quotients de grandeurs et calculer des volumes dans des situations variées.
C3_ATOLD_3E_ATT_GRANDEURS_001;rappel;Cherche la propriété ou la démarche qui caractérise précisément la notion demandée.
C3_ATOLD_3E_ATT_GRANDEURS_001;enonce;Quelle description correspond le mieux à « Grandeurs composées et volumes » ?
C3_ATOLD_3E_ATT_GRANDEURS_001;option_1;Utiliser des produits ou quotients de grandeurs et calculer des volumes dans des situations variées.
C3_ATOLD_3E_ATT_GRANDEURS_001;option_2;Mobiliser cette notion pour choisir une démarche correcte et justifier le résultat obtenu.
C3_ATOLD_3E_ATT_GRANDEURS_001;option_3;Utiliser des nombres rationnels et des racines carrées dans des calculs exacts ou approchés.
C3_ATOLD_3E_ATT_GRANDEURS_001;option_4;Décomposer des entiers en facteurs premiers et exploiter cette décomposition.
C3_ATOLD_3E_ATT_GRANDEURS_001;correcte;1
C3_ATOLD_3E_ATT_GRANDEURS_001;feedback_1;[[Je vois]] La question porte sur « Grandeurs composées et volumes ». [[Je sais]] Utiliser des produits ou quotients de grandeurs et calculer des volumes dans des situations variées. [[J'en déduis]] Cette description correspond bien à la notion demandée.
C3_ATOLD_3E_ATT_GRANDEURS_001;feedback_2;Cette proposition décrit une autre notion du programme. Compare-la avec la définition et le rappel.
C3_ATOLD_3E_ATT_GRANDEURS_001;feedback_3;Cette proposition décrit une autre notion du programme. Compare-la avec la définition et le rappel.
C3_ATOLD_3E_ATT_GRANDEURS_001;feedback_4;Cette proposition décrit une autre notion du programme. Compare-la avec la définition et le rappel.
C3_TOLD_3E_ATT_HOMOTHETIE_001;intention;identifier
C3_TOLD_3E_ATT_HOMOTHETIE_001;notion;Homothétie
C3_TOLD_3E_ATT_HOMOTHETIE_001;definition;Reconnaître une transformation de centre donné qui multiplie toutes les distances par un même rapport.
C3_TOLD_3E_ATT_HOMOTHETIE_001;rappel;Cherche la propriété ou la démarche qui caractérise précisément la notion demandée.
C3_TOLD_3E_ATT_HOMOTHETIE_001;enonce;Quelle description correspond le mieux à « Homothétie » ?
C3_TOLD_3E_ATT_HOMOTHETIE_001;option_1;Reconnaître une transformation de centre donné qui multiplie toutes les distances par un même rapport.
C3_TOLD_3E_ATT_HOMOTHETIE_001;option_2;Mobiliser cette notion pour choisir une démarche correcte et justifier le résultat obtenu.
C3_TOLD_3E_ATT_HOMOTHETIE_001;option_3;Utiliser des nombres rationnels et des racines carrées dans des calculs exacts ou approchés.
C3_TOLD_3E_ATT_HOMOTHETIE_001;option_4;Décomposer des entiers en facteurs premiers et exploiter cette décomposition.
C3_TOLD_3E_ATT_HOMOTHETIE_001;correcte;1
C3_TOLD_3E_ATT_HOMOTHETIE_001;feedback_1;[[Je vois]] La question porte sur « Homothétie ». [[Je sais]] Reconnaître une transformation de centre donné qui multiplie toutes les distances par un même rapport. [[J'en déduis]] Cette description correspond bien à la notion demandée.
C3_TOLD_3E_ATT_HOMOTHETIE_001;feedback_2;Cette proposition décrit une autre notion du programme. Compare-la avec la définition et le rappel.
C3_TOLD_3E_ATT_HOMOTHETIE_001;feedback_3;Cette proposition décrit une autre notion du programme. Compare-la avec la définition et le rappel.
C3_TOLD_3E_ATT_HOMOTHETIE_001;feedback_4;Cette proposition décrit une autre notion du programme. Compare-la avec la définition et le rappel.
C3_M_MATOLD_3E_ATT_ESPACE_001;intention;identifier
C3_M_MATOLD_3E_ATT_ESPACE_001;notion;Repérage sur la sphère et sections
C3_M_MATOLD_3E_ATT_ESPACE_001;definition;Se repérer sur une sphère et interpréter des sections de solides par des plans.
C3_M_MATOLD_3E_ATT_ESPACE_001;rappel;Cherche la propriété ou la démarche qui caractérise précisément la notion demandée.
C3_M_MATOLD_3E_ATT_ESPACE_001;enonce;Quelle description correspond le mieux à « Repérage sur la sphère et sections » ?
C3_M_MATOLD_3E_ATT_ESPACE_001;option_1;Se repérer sur une sphère et interpréter des sections de solides par des plans.
C3_M_MATOLD_3E_ATT_ESPACE_001;option_2;Mobiliser cette notion pour choisir une démarche correcte et justifier le résultat obtenu.
C3_M_MATOLD_3E_ATT_ESPACE_001;option_3;Utiliser des nombres rationnels et des racines carrées dans des calculs exacts ou approchés.
C3_M_MATOLD_3E_ATT_ESPACE_001;option_4;Décomposer des entiers en facteurs premiers et exploiter cette décomposition.
C3_M_MATOLD_3E_ATT_ESPACE_001;correcte;1
C3_M_MATOLD_3E_ATT_ESPACE_001;feedback_1;[[Je vois]] La question porte sur « Repérage sur la sphère et sections ». [[Je sais]] Se repérer sur une sphère et interpréter des sections de solides par des plans. [[J'en déduis]] Cette description correspond bien à la notion demandée.
C3_M_MATOLD_3E_ATT_ESPACE_001;feedback_2;Cette proposition décrit une autre notion du programme. Compare-la avec la définition et le rappel.
C3_M_MATOLD_3E_ATT_ESPACE_001;feedback_3;Cette proposition décrit une autre notion du programme. Compare-la avec la définition et le rappel.
C3_M_MATOLD_3E_ATT_ESPACE_001;feedback_4;Cette proposition décrit une autre notion du programme. Compare-la avec la définition et le rappel.
C3_M_MATOLD_3E_ATT_THALES_001;intention;identifier
C3_M_MATOLD_3E_ATT_THALES_001;notion;Thalès et triangles semblables
C3_M_MATOLD_3E_ATT_THALES_001;definition;Utiliser des rapports de longueurs dans des triangles semblables ou une configuration de Thalès.
C3_M_MATOLD_3E_ATT_THALES_001;rappel;Cherche la propriété ou la démarche qui caractérise précisément la notion demandée.
C3_M_MATOLD_3E_ATT_THALES_001;enonce;Quelle description correspond le mieux à « Thalès et triangles semblables » ?
C3_M_MATOLD_3E_ATT_THALES_001;option_1;Utiliser des rapports de longueurs dans des triangles semblables ou une configuration de Thalès.
C3_M_MATOLD_3E_ATT_THALES_001;option_2;Mobiliser cette notion pour choisir une démarche correcte et justifier le résultat obtenu.
C3_M_MATOLD_3E_ATT_THALES_001;option_3;Utiliser des nombres rationnels et des racines carrées dans des calculs exacts ou approchés.
C3_M_MATOLD_3E_ATT_THALES_001;option_4;Décomposer des entiers en facteurs premiers et exploiter cette décomposition.
C3_M_MATOLD_3E_ATT_THALES_001;correcte;1
C3_M_MATOLD_3E_ATT_THALES_001;feedback_1;[[Je vois]] La question porte sur « Thalès et triangles semblables ». [[Je sais]] Utiliser des rapports de longueurs dans des triangles semblables ou une configuration de Thalès. [[J'en déduis]] Cette description correspond bien à la notion demandée.
C3_M_MATOLD_3E_ATT_THALES_001;feedback_2;Cette proposition décrit une autre notion du programme. Compare-la avec la définition et le rappel.
C3_M_MATOLD_3E_ATT_THALES_001;feedback_3;Cette proposition décrit une autre notion du programme. Compare-la avec la définition et le rappel.
C3_M_MATOLD_3E_ATT_THALES_001;feedback_4;Cette proposition décrit une autre notion du programme. Compare-la avec la définition et le rappel.
C3_TM_MATOLD_3E_ATT_TRIGO_001;intention;identifier
C3_TM_MATOLD_3E_ATT_TRIGO_001;notion;Trigonométrie dans le triangle rectangle
C3_TM_MATOLD_3E_ATT_TRIGO_001;definition;Dans un triangle rectangle, relier angles et longueurs avec sinus, cosinus ou tangente.
C3_TM_MATOLD_3E_ATT_TRIGO_001;rappel;Cherche la propriété ou la démarche qui caractérise précisément la notion demandée.
C3_TM_MATOLD_3E_ATT_TRIGO_001;enonce;Quelle description correspond le mieux à « Trigonométrie dans le triangle rectangle » ?
C3_TM_MATOLD_3E_ATT_TRIGO_001;option_1;Dans un triangle rectangle, relier angles et longueurs avec sinus, cosinus ou tangente.
C3_TM_MATOLD_3E_ATT_TRIGO_001;option_2;Mobiliser cette notion pour choisir une démarche correcte et justifier le résultat obtenu.
C3_TM_MATOLD_3E_ATT_TRIGO_001;option_3;Utiliser des nombres rationnels et des racines carrées dans des calculs exacts ou approchés.
C3_TM_MATOLD_3E_ATT_TRIGO_001;option_4;Décomposer des entiers en facteurs premiers et exploiter cette décomposition.
C3_TM_MATOLD_3E_ATT_TRIGO_001;correcte;1
C3_TM_MATOLD_3E_ATT_TRIGO_001;feedback_1;[[Je vois]] La question porte sur « Trigonométrie dans le triangle rectangle ». [[Je sais]] Dans un triangle rectangle, relier angles et longueurs avec sinus, cosinus ou tangente. [[J'en déduis]] Cette description correspond bien à la notion demandée.
C3_TM_MATOLD_3E_ATT_TRIGO_001;feedback_2;Cette proposition décrit une autre notion du programme. Compare-la avec la définition et le rappel.
C3_TM_MATOLD_3E_ATT_TRIGO_001;feedback_3;Cette proposition décrit une autre notion du programme. Compare-la avec la définition et le rappel.
C3_TM_MATOLD_3E_ATT_TRIGO_001;feedback_4;Cette proposition décrit une autre notion du programme. Compare-la avec la définition et le rappel.
C3__MATOLD_3E_ATT_TRANSFO_001;intention;identifier
C3__MATOLD_3E_ATT_TRANSFO_001;notion;Rotations et homothéties
C3__MATOLD_3E_ATT_TRANSFO_001;definition;Reconnaître une transformation de centre donné qui multiplie toutes les distances par un même rapport.
C3__MATOLD_3E_ATT_TRANSFO_001;rappel;Cherche la propriété ou la démarche qui caractérise précisément la notion demandée.
C3__MATOLD_3E_ATT_TRANSFO_001;enonce;Quelle description correspond le mieux à « Rotations et homothéties » ?
C3__MATOLD_3E_ATT_TRANSFO_001;option_1;Reconnaître une transformation de centre donné qui multiplie toutes les distances par un même rapport.
C3__MATOLD_3E_ATT_TRANSFO_001;option_2;Mobiliser cette notion pour choisir une démarche correcte et justifier le résultat obtenu.
C3__MATOLD_3E_ATT_TRANSFO_001;option_3;Utiliser des nombres rationnels et des racines carrées dans des calculs exacts ou approchés.
C3__MATOLD_3E_ATT_TRANSFO_001;option_4;Décomposer des entiers en facteurs premiers et exploiter cette décomposition.
C3__MATOLD_3E_ATT_TRANSFO_001;correcte;1
C3__MATOLD_3E_ATT_TRANSFO_001;feedback_1;[[Je vois]] La question porte sur « Rotations et homothéties ». [[Je sais]] Reconnaître une transformation de centre donné qui multiplie toutes les distances par un même rapport. [[J'en déduis]] Cette description correspond bien à la notion demandée.
C3__MATOLD_3E_ATT_TRANSFO_001;feedback_2;Cette proposition décrit une autre notion du programme. Compare-la avec la définition et le rappel.
C3__MATOLD_3E_ATT_TRANSFO_001;feedback_3;Cette proposition décrit une autre notion du programme. Compare-la avec la définition et le rappel.
C3__MATOLD_3E_ATT_TRANSFO_001;feedback_4;Cette proposition décrit une autre notion du programme. Compare-la avec la définition et le rappel.
C3_D_3E_ATT_DEMONSTRATION_001;intention;identifier
C3_D_3E_ATT_DEMONSTRATION_001;notion;Raisonnement et démonstration
C3_D_3E_ATT_DEMONSTRATION_001;definition;Enchaîner des propriétés connues et des déductions pour justifier rigoureusement une conclusion.
C3_D_3E_ATT_DEMONSTRATION_001;rappel;Cherche la propriété ou la démarche qui caractérise précisément la notion demandée.
C3_D_3E_ATT_DEMONSTRATION_001;enonce;Quelle description correspond le mieux à « Raisonnement et démonstration » ?
C3_D_3E_ATT_DEMONSTRATION_001;option_1;Enchaîner des propriétés connues et des déductions pour justifier rigoureusement une conclusion.
C3_D_3E_ATT_DEMONSTRATION_001;option_2;Mobiliser cette notion pour choisir une démarche correcte et justifier le résultat obtenu.
C3_D_3E_ATT_DEMONSTRATION_001;option_3;Utiliser des nombres rationnels et des racines carrées dans des calculs exacts ou approchés.
C3_D_3E_ATT_DEMONSTRATION_001;option_4;Décomposer des entiers en facteurs premiers et exploiter cette décomposition.
C3_D_3E_ATT_DEMONSTRATION_001;correcte;1
C3_D_3E_ATT_DEMONSTRATION_001;feedback_1;[[Je vois]] La question porte sur « Raisonnement et démonstration ». [[Je sais]] Enchaîner des propriétés connues et des déductions pour justifier rigoureusement une conclusion. [[J'en déduis]] Cette description correspond bien à la notion demandée.
C3_D_3E_ATT_DEMONSTRATION_001;feedback_2;Cette proposition décrit une autre notion du programme. Compare-la avec la définition et le rappel.
C3_D_3E_ATT_DEMONSTRATION_001;feedback_3;Cette proposition décrit une autre notion du programme. Compare-la avec la définition et le rappel.
C3_D_3E_ATT_DEMONSTRATION_001;feedback_4;Cette proposition décrit une autre notion du programme. Compare-la avec la définition et le rappel.
C3_ITM_MATOLD_3E_ATT_ALGO_001;intention;identifier
C3_ITM_MATOLD_3E_ATT_ALGO_001;notion;Algorithmique et programmation avancée
C3_ITM_MATOLD_3E_ATT_ALGO_001;definition;Analyser ou construire un algorithme avec variables, conditions et répétitions pour résoudre un problème.
C3_ITM_MATOLD_3E_ATT_ALGO_001;rappel;Cherche la propriété ou la démarche qui caractérise précisément la notion demandée.
C3_ITM_MATOLD_3E_ATT_ALGO_001;enonce;Quelle description correspond le mieux à « Algorithmique et programmation avancée » ?
C3_ITM_MATOLD_3E_ATT_ALGO_001;option_1;Analyser ou construire un algorithme avec variables, conditions et répétitions pour résoudre un problème.
C3_ITM_MATOLD_3E_ATT_ALGO_001;option_2;Mobiliser cette notion pour choisir une démarche correcte et justifier le résultat obtenu.
C3_ITM_MATOLD_3E_ATT_ALGO_001;option_3;Utiliser des nombres rationnels et des racines carrées dans des calculs exacts ou approchés.
C3_ITM_MATOLD_3E_ATT_ALGO_001;option_4;Décomposer des entiers en facteurs premiers et exploiter cette décomposition.
C3_ITM_MATOLD_3E_ATT_ALGO_001;correcte;1
C3_ITM_MATOLD_3E_ATT_ALGO_001;feedback_1;[[Je vois]] La question porte sur « Algorithmique et programmation avancée ». [[Je sais]] Analyser ou construire un algorithme avec variables, conditions et répétitions pour résoudre un problème. [[J'en déduis]] Cette description correspond bien à la notion demandée.
C3_ITM_MATOLD_3E_ATT_ALGO_001;feedback_2;Cette proposition décrit une autre notion du programme. Compare-la avec la définition et le rappel.
C3_ITM_MATOLD_3E_ATT_ALGO_001;feedback_3;Cette proposition décrit une autre notion du programme. Compare-la avec la définition et le rappel.
C3_ITM_MATOLD_3E_ATT_ALGO_001;feedback_4;Cette proposition décrit une autre notion du programme. Compare-la avec la définition et le rappel.
